Date,Features,0,1,2,3,4,5,6,7,8,9,10,11,12,13,14,15,16,17,18,19,20,21,22,23
2014/1/1,AMB_TEMP,14,14,14,13,12,12,12,12,15,17,20,22,22,22,22,22,21,19,17,16,15,15,15,15
2014/1/1,CH4,1.8,1.8,1.8,1.8,1.8,1.8,1.8,1.8,1.8,1.8,1.8,1.8,1.8,1.8,1.8,1.8,1.8,1.8,1.8,1.8,1.8,1.8,1.8,1.8
2014/1/1,CO,0.51,0.41,0.39,0.37,0.35,0.3,0.37,0.47,0.78,0.74,0.59,0.52,0.41,0.4,0.37,0.37,0.47,0.69,0.56,0.45,0.38,0.35,0.36,0.32
2014/1/1,NMHC,0.2,0.15,0.13,0.12,0.11,0.06,0.1,0.13,0.26,0.23,0.2,0.18,0.12,0.11,0.1,0.13,0.14,0.23,0.18,0.12,0.1,0.09,0.1,0.08
2014/1/1,NO,0.9,0.6,0.5,1.7,1.8,1.5,1.9,2.2,6.6,7.9,4.2,2.9,3.4,3,2.5,2.2,2.5,2.3,2.1,1.9,1.5,1.6,1.8,1.5
2014/1/1,NO2,16,9.2,8.2,6.9,6.8,3.8,6.9,7.8,15,21,14,11,14,12,11,11,22,28,19,12,8.1,7,6.9,6
2014/1/1,NOx,17,9.8,8.7,8.6,8.5,5.3,8.8,9.9,22,29,18,14,17,15,14,13,25,30,21,13,9.7,8.6,8.7,7.5
2014/1/1,O3,16,30,27,23,24,28,24,22,21,29,44,58,50,57,65,64,51,34,33,34,37,38,38,36
2014/1/1,PM10,56,50,48,35,25,12,4,2,11,38,56,64,56,57,52,51,66,85,85,63,46,36,42,42
2014/1/1,PM2.5,26,39,36,35,31,28,25,20,19,30,41,44,33,37,36,45,42,49,45,44,41,30,24,13
2014/1/1,RAINFALL,NR,NR,NR,NR,NR,NR,NR,NR,NR,NR,NR,NR,NR,NR,NR,NR,NR,NR,NR,NR,NR,NR,NR,NR
2014/1/1,RH,77,68,67,74,72,73,74,73,66,56,45,37,40,42,47,49,56,67,72,69,70,70,70,69
2014/1/1,SO2,1.8,2,1.7,1.6,1.9,1.4,1.5,1.6,5.1,15,4.5,2.7,3.5,3.6,3.9,4.4,9.9,5.1,3.4,2.3,2,1.9,1.9,1.9
2014/1/1,THC,2,2,2,1.9,1.9,1.8,1.9,1.9,2.1,2,2,2,1.9,1.9,1.9,1.9,1.9,2.1,2,1.9,1.9,1.9,1.9,1.9
2014/1/1,WD_HR,37,80,57,76,110,106,101,104,124,46,241,280,297,305,307,304,307,124,118,121,113,112,106,110
2014/1/1,WIND_DIREC,35,79,2.4,55,94,116,106,94,232,153,283,269,290,316,313,305,291,124,119,118,114,108,102,111
2014/1/1,WIND_SPEED,1.4,1.8,1,0.6,1.7,2.5,2.5,2,0.6,0.8,1.6,1.9,2.1,3.3,2.5,2.2,1.4,2.2,2.8,3,2.6,2.7,2.1,2.1
2014/1/1,WS_HR,0.5,0.9,0.6,0.3,0.6,1.9,2,2,0.5,0.3,0.8,1.2,2,2.6,2.1,2.1,1.9,1,2.5,2.5,2.8,2.6,2.4,2.3
2014/1/2,AMB_TEMP,16,15,15,14,14,15,16,16,17,20,22,23,24,24,24,24,23,21,20,19,18,18,18,18
2014/1/2,CH4,1.8,1.8,1.8,1.8,1.8,1.8,1.8,1.8,1.8,1.8,1.7,1.8,1.8,1.8,1.8,1.8,1.8,1.8,1.8,1.8,1.8,1.8,1.8,1.8
2014/1/2,CO,0.26,0.25,0.28,0.27,0.24,0.26,0.34,0.56,0.79,1.05,0.3,0.37,0.43,0.42,0.34,0.35,0.38,0.61,0.44,0.4,0.4,0.55,0.41,0.33
2014/1/2,NMHC,0.06,0.05,0.06,0.05,0.05,0.07,0.09,0.19,0.31,0.5,0.13,0.18,0.16,0.15,0.12,0.16,0.23,0.32,0.18,0.15,0.23,0.29,0.17,0.12
2014/1/2,NO,1.4,1.1,1.3,1,1.2,1.1,1.6,8.4,17,17,2.2,4.8,5.3,3.5,2.3,2.4,2.4,3.5,1.5,1.4,1.5,1.5,1.5,1.7
2014/1/2,NO2,3.7,3.2,3.3,3.1,3.1,4.3,9.4,19,26,36,8.4,17,24,18,12,16,18,25,15,12,13,21,15,9.1
2014/1/2,NOx,5,4.3,4.7,4.1,4.3,5.5,11,27,43,53,11,22,29,21,14,18,20,28,16,13,14,22,17,11
2014/1/2,O3,39,38,39,39,34,31,30,18,17,24,46,45,46,58,62,58,55,33,40,38,32,20,25,35
2014/1/2,PM10,49,34,31,16,18,8,16,24,37,58,51,63,60,75,71,66,69,65,61,64,62,57,49,42
2014/1/2,PM2.5,21,23,30,30,22,18,13,13,11,22,25,34,38,50,53,43,43,45,46,32,16,19,22,26
2014/1/2,RAINFALL,NR,NR,NR,NR,NR,NR,NR,NR,NR,NR,NR,NR,NR,NR,NR,NR,NR,NR,NR,NR,NR,NR,NR,NR
2014/1/2,RH,65,66,70,71,70,67,59,60,55,50,40,43,49,53,47,48,53,62,65,66,69,71,71,71
2014/1/2,SO2,1.8,0.8,0.9,0.8,0.8,0.7,0.8,1.2,3.3,8.3,1.9,4.9,8.3,4.1,2.8,4.1,4.6,3,2.4,1.8,1.5,1.9,2.9,1.8
2014/1/2,THC,1.8,1.8,1.8,1.8,1.8,1.8,1.8,2,2.1,2.3,1.9,2,2,2,1.9,1.9,2,2.1,2,1.9,2,2.1,2,1.9
2014/1/2,WD_HR,111,117,113,110,100,64,80,88,50,326,339,314,305,283,290,305,352,116,111,117,107,74,117,117
2014/1/2,WIND_DIREC,108,113,115,102,87,79,252,90,216,317,312,315,299,283,283,311,35,117,102,125,125,90,120,124
2014/1/2,WIND_SPEED,2.4,2.7,2.9,2.3,1.5,1,0.8,4,1,0.6,1.5,2,2.9,2.5,1.9,2.5,1.1,1.7,2.3,2.3,2,1.4,2.3,2.4
2014/1/2,WS_HR,2.5,2.4,2.8,2.7,2,0.5,0.8,1.5,0.7,0.2,0.7,1.2,2.6,2.2,1.6,2.2,0.5,1.6,2,2.3,1.7,0.6,1.8,2.2
2014/1/3,AMB_TEMP,18,18,18,18,18,18,18,19,19,20,22,23,24,24,24,22,22,21,20,20,20,20,20,19
2014/1/3,CH4,1.8,1.8,1.8,1.8,1.8,1.7,1.7,1.7,1.8,1.8,1.7,1.7,1.8,1.7,1.8,1.8,1.8,1.8,1.8,1.8,1.8,1.8,1.8,1.8
2014/1/3,CO,0.32,0.35,0.37,0.31,0.29,0.27,0.3,0.51,0.89,0.81,0.44,0.33,0.31,0.29,0.31,0.34,0.42,0.53,0.55,0.6,0.49,0.28,0.35,0.37
2014/1/3,NMHC,0.12,0.18,0.15,0.13,0.16,0.07,0.07,0.15,0.44,0.61,0.32,0.16,0.09,0.1,0.18,0.19,0.22,0.32,0.24,0.3,0.23,0.06,0.2,0.22
2014/1/3,NO,1.2,1.3,1.2,0.9,0.9,0.8,1.1,5.7,22,26,7.8,4.6,2.5,1.9,2.2,2.3,3.1,2,1.3,2.7,1.6,1.1,1.1,1.4
2014/1/3,NO2,8,9.7,10,7.2,7.4,6.2,7.7,18,24,27,19,15,10,9.2,11,15,26,22,25,29,19,6.1,9.6,11
2014/1/3,NOx,9.2,11,11,8.1,8.3,7,8.8,24,46,53,27,20,13,11,13,17,29,24,26,32,20,7.2,11,12
2014/1/3,O3,34,28,30,33,30,34,33,15,5.2,8.7,25,43,56,57,50,45,30,26,19,10,20,37,29,22
2014/1/3,PM10,38,27,31,33,30,19,12,10,12,15,36,43,43,33,41,56,68,73,72,70,61,53,50,52
2014/1/3,PM2.5,19,25,27,20,16,14,15,8,4,9,16,22,23,29,32,36,34,45,40,41,23,29,23,37
2014/1/3,RAINFALL,NR,NR,NR,NR,NR,NR,1.2,1.6,0.8,NR,NR,NR,NR,NR,NR,NR,NR,NR,NR,NR,NR,NR,NR,NR
2014/1/3,RH,72,73,73,76,76,76,84,90,91,89,77,65,57,54,58,62,65,70,71,73,72,66,69,74
2014/1/3,SO2,1.7,2.8,2.7,2.8,2.3,2,1.6,3.2,2.3,6.6,4.2,6,3.6,4.1,3.4,4.3,8,3.8,3.8,3.8,3.3,2.2,2.3,2.2
2014/1/3,THC,1.9,2,1.9,1.9,1.9,1.8,1.8,1.9,2.2,2.4,2.1,1.9,1.8,1.8,1.9,1.9,2,2.1,2,2.1,2,1.8,2,2
2014/1/3,WD_HR,117,106,91,115,93,115,101,98,53,278,308,298,304,298,311,314,309,42,54,48,61,95,6.5,45
2014/1/3,WIND_DIREC,111,71,122,145,116,110,77,89,69,66,303,301,303,289,310,319,314,48,57,46,61,82,63,31
2014/1/3,WIND_SPEED,1.5,1.6,1.2,1.6,1.3,2.8,1.4,1.3,0.6,1.1,2,2.2,3.1,1.9,3,2.5,1.5,1.6,1.4,1.2,1.8,1.4,1.5,1.4
2014/1/3,WS_HR,1.7,1.2,1.2,1.2,1.2,2,1.3,1,0.4,0.4,0.9,1.9,2.4,1.7,2.1,2,1.4,0.6,1.3,0.7,1.2,2.5,0.4,0.5
2014/1/4,AMB_TEMP,19,18,18,17,17,16,17,17,18,18,19,19,19,20,19,18,18,16,16,15,15,15,14,13
2014/1/4,CH4,1.8,1.8,1.8,1.8,1.8,1.8,1.8,1.8,1.8,1.8,1.8,1.8,1.8,1.8,1.8,1.8,1.8,1.8,1.8,1.8,1.8,1.8,1.8,1.9
2014/1/4,CO,0.35,0.35,0.32,0.33,0.32,0.33,0.35,0.41,0.43,0.43,0.47,0.53,0.55,0.51,0.48,0.53,0.59,0.7,0.66,0.79,0.64,0.66,0.68,0.65
2014/1/4,NMHC,0.24,0.18,0.53,0.28,0.24,0.22,0.09,0.1,0.1,0.09,0.11,0.14,0.16,0.17,0.18,0.14,0.23,0.18,0.19,0.27,0.15,0.14,0.15,0.19
2014/1/4,NO,0.8,1.1,1,1.2,1.3,1.1,1.2,1.3,1.6,1.9,2,2.2,2.2,1.9,1.9,1.8,1.7,1.6,1.5,1.5,1.7,1.4,1.4,1.2
2014/1/4,NO2,11,11,9.7,9.6,7.5,7.5,7.2,7.5,8,7.1,8.1,9.7,11,11,10,12,15,18,14,20,13,14,15,15
2014/1/4,NOx,12,12,11,11,8.7,8.6,8.4,8.8,9.7,9,10,12,13,12,12,13,16,20,16,22,15,15,17,16
2014/1/4,O3,20,15,17,22,26,26,33,40,41,47,49,54,58,62,60,56,52,46,45,34,45,38,32,29
2014/1/4,PM10,49,41,40,37,37,40,52,53,55,53,73,85,105,107,118,115,124,128,134,143,140,133,121,100
2014/1/4,PM2.5,27,27,14,20,22,24,26,33,48,50,49,45,63,63,62,55,56,67,78,83,90,75,85,82
2014/1/4,RAINFALL,NR,NR,NR,NR,NR,NR,NR,NR,NR,NR,NR,NR,NR,NR,NR,NR,NR,NR,NR,NR,NR,NR,NR,NR
2014/1/4,RH,76,79,79,75,73,75,74,69,66,64,62,55,51,49,49,51,55,59,61,66,60,64,65,67
2014/1/4,SO2,2.1,1.7,1.5,1.8,1.9,1.7,1.9,2.3,2.9,3.6,4.2,5.3,5.7,5.5,5.2,5.9,6.6,6.9,5.9,5.5,5.2,4.6,3.7,3.1
2014/1/4,THC,2,2,2.4,2.1,2,2,1.9,1.9,1.9,1.9,1.9,2,2,2,2,1.9,2,2,2,2.1,2,2,2,2
2014/1/4,WD_HR,29,54,346,30,50,23,58,63,78,56,56,352,70,310,139,83,77,61,57,58,72,65,59,9.9
2014/1/4,WIND_DIREC,36,45,37,79,34,94,62,60,69,48,53,301,345,63,81,80,111,55,62,57,70,79,55,68
2014/1/4,WIND_SPEED,1,0.8,1,1.6,1.3,1.4,1.8,1.6,2.6,3,2.6,3.3,3.1,2.5,2.7,2,2.1,2.5,1.5,1.1,1.6,1.9,1.3,1.6
2014/1/4,WS_HR,0.6,0.7,0.5,0.8,0.5,0.5,0.9,0.6,1.1,2.3,2,0.8,0.1,0.4,0,0.8,0.4,1.1,1.4,0.7,1.8,1.2,0.9,0.7
2014/1/5,AMB_TEMP,13,12,13,12,12,12,12,13,14,16,18,19,20,21,21,20,19,17,16,16,15,14,14,13
2014/1/5,CH4,1.8,1.9,1.9,1.8,1.8,1.8,1.8,1.8,1.8,1.8,1.8,1.8,1.8,1.8,1.8,1.8,1.8,1.8,1.8,1.8,1.8,1.8,1.8,1.8
2014/1/5,CO,0.59,0.56,0.54,0.54,0.54,0.54,0.54,0.52,0.6,0.54,0.52,0.49,0.49,0.46,0.47,0.47,0.47,0.59,0.5,0.48,0.5,0.51,0.44,0.41
2014/1/5,NMHC,0.22,0.15,0.25,0.24,0.21,0.16,0.1,0.08,0.13,0.14,0.1,0.08,0.08,0.07,0.08,0.08,0.08,0.13,0.1,0.1,0.1,0.11,0.09,0.08
2014/1/5,NO,1,1.3,1.3,0.5,1,1,0.8,1.1,1.8,2.5,2,1.5,2.8,1.9,1.2,0.9,0.9,0.8,0.9,1.1,0.8,1.3,0.7,0.9
2014/1/5,NO2,11,8.2,7.7,6.4,6.1,6.3,6.8,6,13,11,8.4,6.9,15,9.2,7.3,7.5,9.2,16,12,9.2,10,10,7.8,6.9
2014/1/5,NOx,12,9.5,9,6.9,7.1,7.3,7.6,7.1,14,14,10,8.4,18,11,8.5,8.4,10,17,13,10,11,12,8.5,7.7
2014/1/5,O3,30,33,38,39,40,40,43,43,32,35,45,55,55,66,72,72,68,54,56,56,50,42,41,43
2014/1/5,PM10,91,82,84,83,85,96,105,98,83,65,68,70,82,87,101,107,111,110,115,109,97,87,75,70
2014/1/5,PM2.5,80,80,76,81,75,66,70,65,66,57,56,64,67,72,64,73,57,57,53,70,70,60,68,66
2014/1/5,RAINFALL,NR,NR,NR,NR,NR,NR,NR,NR,NR,NR,NR,NR,NR,NR,NR,NR,NR,NR,NR,NR,NR,NR,NR,NR
2014/1/5,RH,68,68,64,66,66,64,60,56,59,52,48,43,40,38,38,41,45,51,54,55,60,67,68,69
2014/1/5,SO2,2.8,3.4,4,4.1,4.5,4.5,4.8,4.3,3.4,2.9,3.8,5.3,9.6,7.3,5.7,5.9,6,5.6,5.3,4.9,4,2.6,2,1.8
2014/1/5,THC,2.1,2,2.1,2.1,2.1,2,1.9,1.9,2,2,1.9,1.9,1.9,1.9,1.9,1.9,1.9,2,1.9,1.9,1.9,1.9,1.9,1.9
2014/1/5,WD_HR,50,44,20,54,334,31,58,58,69,82,327,302,292,325,310,309,75,60,69,83,98,112,116,108
2014/1/5,WIND_DIREC,59,340,87,16,57,24,54,60,76,92,305,283,333,309,311,286,65,56,66,92,96,114,111,112
2014/1/5,WIND_SPEED,1.2,1.4,1.9,1.7,2,1.6,3.4,1.6,1.6,2.2,2.2,1.6,1.6,2,2.5,2.7,1.8,1.2,3.3,1.9,1.1,2.3,2.3,2.2
2014/1/5,WS_HR,0.5,1,0.3,0.5,0.5,0.4,1.6,1.2,0.7,0.5,0.9,1.3,1.6,0.8,1.7,1,0.8,0.7,2.1,2.1,1.5,1.8,1.8,2.2
2014/1/6,AMB_TEMP,13,13,13,14,14,15,14,14,16,16,18,19,17,20,20,19,18,17,16,15,15,15,15,14
2014/1/6,CH4,1.8,1.8,1.8,1.8,1.8,1.8,1.8,1.8,1.9,1.9,1.8,1.9,1.9,1.8,1.8,1.8,1.8,1.9,1.9,1.9,1.9,1.8,1.8,1.8
2014/1/6,CO,0.43,0.43,0.4,0.41,0.41,0.39,0.4,0.57,1.35,1.25,0.75,0.97,0.76,0.51,0.53,0.46,0.55,0.77,0.88,0.66,0.69,0.5,0.41,0.35
2014/1/6,NMHC,0.09,0.09,0.13,0.09,0.11,0.08,0.09,0.14,0.53,0.73,0.55,0.74,0.6,0.2,0.27,0.22,0.32,0.53,0.5,0.29,0.3,0.16,0.11,0.09
2014/1/6,NO,0.9,0.7,0.7,0.4,0.8,0.6,0.7,1.7,20,29,11,9.8,16,3.3,7.5,4.8,2.7,3.4,9.3,2.3,6,1,0.8,0.7
2014/1/6,NO2,5.7,5.6,6.1,6,6.3,5.8,11,11,36,43,33,29,42,16,29,30,30,41,42,27,26,16,9.9,7.3
2014/1/6,NOx,6.7,6.4,6.8,6.3,7.1,6.4,12,13,57,71,43,39,58,19,36,35,32,44,52,29,32,17,11,7.9
2014/1/6,O3,47,48,39,43,43,45,31,31,9.4,5.7,22,22,12,54,35,33,30,12,3.5,14,13,23,28,28
2014/1/6,PM10,56,67,62,64,48,52,38,37,45,70,81,97,97,93,110,101,101,90,85,88,75,75,64,68
2014/1/6,PM2.5,66,55,46,46,46,42,35,35,40,45,48,57,57,59,62,59,61,50,60,62,62,50,45,43
2014/1/6,RAINFALL,NR,NR,NR,NR,NR,NR,NR,NR,NR,NR,NR,NR,NR,NR,NR,NR,NR,NR,NR,NR,NR,NR,NR,NR
2014/1/6,RH,69,69,69,69,64,58,60,60,58,58,50,47,58,41,45,51,56,62,69,69,69,70,69,71
2014/1/6,SO2,2.2,2.1,2.1,2.2,2,1.7,2.1,1.4,5.6,5.4,2.9,5.8,7.3,3.5,9,8.9,4.4,4.1,3,2.3,3.1,1.9,1.4,1.2
2014/1/6,THC,1.9,1.9,2,1.9,1.9,1.9,1.9,1.9,2.4,2.6,2.4,2.6,2.5,2,2.1,2,2.2,2.4,2.4,2.2,2.2,2,1.9,1.9
2014/1/6,WD_HR,109,109,108,107,97,102,89,108,102,331,0.6,261,45,81,312,315,326,50,69,111,119,104,105,106
2014/1/6,WIND_DIREC,94,148,102,95,118,158,116,98,93,298,308,304,44,342,8,273,17,72,75,110,94,100,91,112
2014/1/6,WIND_SPEED,2,1,1.6,2,2.2,1.6,3.3,1.9,0.8,1.1,1.2,2.1,1.2,1.4,1.8,1.7,1.1,0.9,0.9,1.3,1.8,2.2,1.9,1.9
2014/1/6,WS_HR,2.2,1.6,1.5,1.7,1.6,1.6,1.3,2.2,0.4,0.4,0.4,1,0.5,1.3,2,1.4,0.7,0.6,0.5,1,0.9,2,2.1,1.9
2014/1/7,AMB_TEMP,14,14,14,14,14,14,14,14,16,18,21,22,23,23,20,19,20,19,18,19,17,16,16,16
2014/1/7,CH4,1.8,1.8,1.8,1.8,1.8,1.8,1.8,1.8,1.8,1.8,1.8,1.8,1.9,1.8,1.8,1.7,1.8,1.8,1.8,1.8,1.8,1.8,1.8,1.8
2014/1/7,CO,0.32,0.32,0.3,0.29,0.3,0.31,0.37,0.71,0.97,0.7,0.69,0.78,0.82,0.65,0.31,0.34,0.43,0.65,0.58,0.55,0.49,0.43,0.42,0.44
2014/1/7,NMHC,0.07,0.09,0.06,0.06,0.07,0.08,0.2,0.22,0.37,0.31,0.27,0.42,0.37,0.26,0.14,0.18,0.3,0.34,0.25,0.23,0.19,0.15,0.15,0.18
2014/1/7,NO,0.4,0.7,0.8,0.7,0.8,0.8,1.1,7.4,20,5.1,4.1,3.1,2.3,1.8,2,3.3,1.8,1.9,1.1,1,1,1,1,1.2
2014/1/7,NO2,5.6,5.7,5,3.5,3.3,4.4,6.7,15,23,20,20,26,26,23,14,25,24,29,21,18,14,11,13,16
2014/1/7,NOx,6,6.4,5.7,4.2,4.1,5.2,7.7,23,43,25,24,29,29,25,16,28,26,31,22,19,15,12,14,17
2014/1/7,O3,32,33,35,35,33,31,27,21,18,30,51,71,86,87,55,42,46,29,45,53,42,43,41,36
2014/1/7,PM10,45,32,25,31,45,43,44,34,40,39,54,63,85,91,99,100,103,107,108,106,93,87,75,73
2014/1/7,PM2.5,41,32,35,31,33,25,36,28,33,29,42,56,66,78,62,61,47,54,57,59,61,43,39,38
2014/1/7,RAINFALL,NR,NR,NR,NR,NR,NR,NR,NR,NR,NR,NR,NR,NR,NR,NR,NR,NR,NR,NR,NR,NR,NR,NR,NR
2014/1/7,RH,70,68,68,68,68,69,69,67,64,53,43,41,37,43,70,72,69,76,75,71,76,74,75,76
2014/1/7,SO2,1,1.6,1.4,1.4,1.6,1.4,1.5,2.5,6,15,6.7,6,5.3,4,4.3,11,5.8,4.4,3.4,3,2.2,2,3.3,4.2
2014/1/7,THC,1.9,1.9,1.9,1.8,1.8,1.8,2,2,2.2,2.1,2.1,2.3,2.2,2.1,1.9,1.9,2.1,2.1,2,2,2,1.9,1.9,2
2014/1/7,WD_HR,113,106,110,113,109,112,108,116,66,36,231,203,251,285,302,315,345,115,110,113,108,109,107,109
2014/1/7,WIND_DIREC,107,99,118,115,110,113,107,89,36,146,225,202,272,305,304,47,79,115,105,115,117,111,103,97
2014/1/7,WIND_SPEED,1.7,2,2.9,2.4,1.3,1.6,2.5,1.6,0.8,0.7,1.7,1.7,2,3.4,2.4,1.2,0.9,2.4,1.6,1.5,2.3,2.6,2.4,1.8
2014/1/7,WS_HR,2.1,1.9,2.4,2.5,2.1,1.8,1.9,1.6,1,0.4,1.2,1.1,1.3,2.2,2.7,1.6,0.4,1.8,1.5,1,2.2,2.3,2.6,1.5
2014/1/8,AMB_TEMP,15,15,15,15,15,15,15,16,18,21,22,23,23,23,22,20,19,18,18,17,16,15,14,14
2014/1/8,CH4,1.8,1.8,1.8,1.8,1.8,1.8,1.8,1.8,1.8,1.8,1.8,1.7,1.7,1.7,1.8,1.7,1.7,1.8,1.8,1.8,1.8,1.8,1.8,1.8
2014/1/8,CO,0.4,0.41,0.43,0.41,0.36,0.37,0.46,0.63,1.27,0.49,0.49,0.32,0.28,0.26,0.35,0.31,0.34,0.48,0.39,0.4,0.41,0.48,0.55,0.53
2014/1/8,NMHC,0.15,0.14,0.13,0.12,0.1,0.13,0.17,0.24,0.52,0.18,0.14,0.12,0.1,0.08,0.16,0.16,0.11,0.15,0.12,0.13,0.16,0.16,0.17,0.11
2014/1/8,NO,0.9,0.9,0.8,0.9,1.1,1.2,1.9,5.5,28,4.4,3,2.4,1.7,1.5,1.6,2.4,1.9,1.2,1.1,1.3,1.1,1.3,1.4,1.3
2014/1/8,NO2,10,8,7.3,6.3,5.8,9.4,15,17,34,18,18,11,9,10,14,17,11,12,9,12,11,11,11,9.3
2014/1/8,NOx,11,8.9,8.1,7.1,6.9,11,17,22,63,23,22,14,11,12,15,19,13,13,10,13,12,12,12,11
2014/1/8,O3,43,53,58,53,51,39,28,23,11,43,58,57,54,51,56,45,49,46,46,35,33,32,31,29
2014/1/8,PM10,73,73,80,82,85,68,48,38,49,61,68,60,55,50,61,73,72,62,54,54,52,39,32,20
2014/1/8,PM2.5,48,53,60,60,52,47,45,50,43,40,42,41,39,36,35,36,36,32,33,33,34,21,15,13
2014/1/8,RAINFALL,NR,NR,NR,NR,NR,NR,NR,NR,NR,NR,NR,NR,NR,NR,NR,NR,NR,NR,NR,NR,NR,NR,NR,NR
2014/1/8,RH,76,76,76,75,73,72,73,71,63,50,43,48,57,60,66,73,71,69,71,78,78,79,77,77
2014/1/8,SO2,2.6,2.5,2.3,2.1,2.9,5.4,6,2.6,7.3,7.6,9,4.1,2.8,4.2,5.5,5.4,3.6,3.6,2.7,2.7,2.1,2.1,2.4,2.3
2014/1/8,THC,1.9,1.9,2,2,1.9,1.9,2,2,2.3,1.9,1.9,1.9,1.8,1.8,1.9,1.9,1.9,1.9,1.9,1.9,1.9,1.9,2,1.9
2014/1/8,WD_HR,107,111,104,107,109,95,94,103,74,24,16,307,306,303,311,298,82,63,55,76,75,67,79,60
2014/1/8,WIND_DIREC,108,110,107,104,99,101,67,56,63,53,291,307,298,300,312,287,72,63,88,74,85,58,80,66
2014/1/8,WIND_SPEED,1.9,2.5,2.3,2.3,1.4,1.4,1.1,1.4,1,1.5,1.5,2.7,2.3,2.2,3.7,3.5,2.3,1.7,1.8,2.6,2.3,2.9,2.8,3.5
2014/1/8,WS_HR,1.8,2.2,2.1,1.9,1.7,1,0.8,1.3,0.4,0.7,0.5,1.4,1.4,1.8,2.7,1.7,1.2,1.2,2.3,1,1,1.3,0.7,3.2
2014/1/9,AMB_TEMP,14,13,13,13,12,12,12,13,13,14,14,14,15,15,15,14,13,12,12,12,12,12,12,12
2014/1/9,CH4,1.8,1.8,1.8,1.8,1.8,1.8,1.8,1.8,1.8,1.8,1.8,1.8,1.8,1.8,1.8,1.8,1.8,1.8,1.8,1.8,1.8,1.8,1.8,1.8
2014/1/9,CO,0.49,0.46,0.41,0.39,0.38,0.36,0.36,0.4,0.39,0.4,0.41,0.41,0.4,0.39,0.4,0.37,0.36,0.4,0.35,0.34,0.31,0.3,0.29,0.28
2014/1/9,NMHC,0.09,0.08,0.08,0.07,0.07,0.07,0.08,0.08,0.07,0.09,0.11,0.1,0.09,0.09,0.15,0.1,0.13,0.16,0.19,0.12,0.07,0.05,0.05,0.05
2014/1/9,NO,1.1,1.1,1,1.5,1.3,1.2,1,1.3,1.4,2.2,2.5,2.8,2.3,2.8,2.8,2.6,2.4,1.7,1.3,1.6,1.3,1,1.1,1.3
2014/1/9,NO2,8,7,6.8,5.1,5,5.4,6.8,6.9,5.7,6.8,8.1,8.6,7.5,8.1,8.5,9.3,12,13,12,10,6.9,5.5,5.2,4.2
2014/1/9,NOx,9.1,8,7.7,6.6,6.3,6.7,7.8,8.2,7.1,9,11,11,9.8,11,11,12,14,15,13,12,8.2,6.6,6.3,5.5
2014/1/9,O3,28,28,29,32,33,35,34,33,34,31,31,32,34,34,34,32,29,26,28,27,30,30,30,29
2014/1/9,PM10,17,17,12,10,16,28,29,27,21,31,20,22,20,0,0,18,18,19,19,23,17,12,2,2
2014/1/9,PM2.5,18,15,9,9,14,15,20,16,23,16,17,9,7,7,20,20,20,18,18,22,15,11,1,1
2014/1/9,RAINFALL,NR,NR,NR,NR,NR,NR,NR,NR,NR,NR,NR,NR,NR,NR,NR,NR,NR,NR,NR,NR,NR,NR,NR,NR
2014/1/9,RH,75,74,74,73,73,72,72,72,70,69,70,69,66,66,66,68,71,74,75,75,74,74,74,73
2014/1/9,SO2,2.1,1.8,1.8,1.5,1.7,1.8,2.2,1.8,1.6,1.7,1.7,1.7,1.6,-0.9,-0.9,-0.9,1.3,1.9,2,1.9,1.6,1.4,1.4,1.3
2014/1/9,THC,1.9,1.9,1.9,1.8,1.8,1.8,1.9,1.9,1.8,1.9,1.9,1.9,1.9,1.9,1.9,1.9,1.9,1.9,2,1.9,1.8,1.8,1.8,1.8
2014/1/9,WD_HR,58,59,68,58,58,69,65,59,62,74,287,68,61,68,36,94,74,82,85,80,62,68,65,59
2014/1/9,WIND_DIREC,62,70,63,65,69,81,52,50,72,80,84,63,187,57,94,83,87,73,87,76,62,70,64,63
2014/1/9,WIND_SPEED,4.3,2.4,3.5,4,2.2,2.4,3.4,3.8,3.7,2.1,2.4,3.3,2.3,3.6,2.9,2.5,2.2,2,2.2,2.8,2.9,2.4,2.4,2.3
2014/1/9,WS_HR,3.6,3,1.7,3.2,1.8,1.4,1.8,2.5,3.6,1.4,0,2,2.2,2.2,0.3,1.3,1.5,0.9,1.2,1.5,2.4,1.8,1.9,1.6
2014/1/10,AMB_TEMP,12,12,13,12,13,13,13,13,14,15,17,18,19,20,20,19,18,17,15,14,14,14,13,13
2014/1/10,CH4,1.8,1.8,1.8,1.8,1.8,1.8,1.8,1.8,1.8,1.8,1.8,1.8,1.8,1.8,1.8,1.8,1.8,1.8,1.8,1.8,1.8,1.8,1.8,1.8
2014/1/10,CO,0.28,0.27,0.26,0.26,0.25,0.27,0.3,0.46,0.41,0.34,0.32,0.33,0.35,0.32,0.3,0.3,0.32,0.45,0.59,0.45,0.36,0.38,0.42,0.42
2014/1/10,NMHC,0.05,0.04,0.06,0.04,0.04,0.09,0.07,0.15,0.14,0.11,0.13,0.11,0.09,0.1,0.11,0.13,0.18,0.22,0.29,0.19,0.15,0.13,0.15,0.16
2014/1/10,NO,1.4,0.9,1.1,1.7,1.2,1.3,1.3,3.5,4.2,4.4,3.2,2.6,2.5,2.4,2.1,2.2,2.4,2.1,2.6,2.3,1.9,1.7,1.8,1.7
2014/1/10,NO2,3.8,3.4,3.2,2.9,2.8,4,6.5,13,12,7.3,6,6.6,8.5,8.8,8.2,10,13,19,28,15,11,11,10,9.4
2014/1/10,NOx,5.2,4.3,4.3,4.5,4,5.3,7.8,17,16,12,9.1,9.1,11,11,10,12,16,21,30,17,13,12,12,11
2014/1/10,O3,27,29,27,27,28,25,19,13,14,22,30,38,46,50,52,50,39,27,12,17,20,19,21,21
2014/1/10,PM10,5,9,9,3,4,4,5,1,6,10,25,39,42,46,40,37,39,34,41,23,27,19,30,30
2014/1/10,PM2.5,6,7,7,0,0,1,1,7,7,8,4,8,12,19,23,20,18,15,16,10,6,11,22,28
2014/1/10,RAINFALL,NR,NR,NR,NR,NR,NR,NR,NR,NR,NR,NR,NR,NR,NR,NR,NR,NR,NR,NR,NR,NR,NR,NR,NR
2014/1/10,RH,73,73,73,74,74,74,74,73,71,66,62,58,56,54,55,57,61,65,72,77,79,81,83,84
2014/1/10,SO2,1.2,1.2,1.3,1.1,1.1,1,1,1.1,1.1,1.2,1.7,1.9,2.5,1.9,1.6,1.8,2.2,1.7,1.2,0.7,0.6,0.6,0.5,0.4
2014/1/10,THC,1.8,1.8,1.8,1.8,1.8,1.9,1.8,1.9,1.9,1.9,1.9,1.9,1.9,1.9,1.9,1.9,2,2,2.1,2,1.9,1.9,2,2
2014/1/10,WD_HR,73,59,58,62,63,49,52,11,73,67,314,312,312,309,307,294,290,61,90,118,117,115,115,113
2014/1/10,WIND_DIREC,63,49,68,56,62,58,28,335,67,22,318,304,316,300,287,284,82,74,115,117,118,115,105,104
2014/1/10,WIND_SPEED,2.4,1.4,1.9,2.2,2.3,1.6,0.9,2,2,2,2.1,3.4,2.8,3.6,3.2,3.5,2.4,0.8,1.6,1.7,2,2,1.7,1.4
2014/1/10,WS_HR,1.4,1.6,0.9,1.6,2,0.7,1,0.3,0.8,0.7,1.5,2.4,2,2.6,2.2,1.6,0.9,0.4,0.8,1.6,1.8,1.8,1.9,1.7
2014/1/11,AMB_TEMP,13,13,13,13,13,12,12,12,15,18,20,21,21,20,19,19,19,18,17,16,16,16,16,17
2014/1/11,CH4,1.8,1.8,1.8,1.8,1.8,1.8,1.8,1.8,1.8,1.8,1.8,1.8,1.8,1.8,1.8,1.8,1.8,1.8,1.8,1.8,1.8,1.9,1.9,1.8
2014/1/11,CO,0.41,0.36,0.34,0.34,0.34,0.35,0.38,0.46,0.95,0.71,0.4,0.39,0.42,0.35,0.3,0.33,0.37,0.37,0.44,0.4,0.57,0.65,0.77,0.56
2014/1/11,NMHC,0.17,0.13,0.12,0.12,0.12,0.11,0.12,0.14,0.41,0.34,0.16,0.12,0.15,0.11,0.09,0.11,0.16,0.13,0.16,0.13,0.23,0.24,0.34,0.21
2014/1/11,NO,1.6,1.5,1.3,0.8,0.8,0.9,1.1,2,26,12,2.7,2.8,2.2,2.6,3.4,5,3,0.6,0.9,1.1,2,4.4,7.2,2.3
2014/1/11,NO2,9.3,7.2,5.9,4.5,5.7,5.3,6.5,7.5,24,23,13,15,15,16,17,23,20,15,20,16,18,22,30,19
2014/1/11,NOx,11,8.7,7.2,5.3,6.5,6.2,7.6,9.4,50,35,15,18,17,19,21,28,23,15,21,18,20,26,37,22
2014/1/11,O3,19,22,24,24,22,21,16,16,6.3,22,47,50,65,49,42,32,36,37,24,24,16,8.6,3.9,19
2014/1/11,PM10,32,34,30,43,37,40,23,14,18,27,53,60,74,65,72,66,70,66,69,69,58,44,48,67
2014/1/11,PM2.5,25,21,25,24,23,18,20,14,7,17,31,44,43,46,36,36,29,32,33,30,40,36,46,41
2014/1/11,RAINFALL,NR,NR,NR,NR,NR,NR,NR,NR,NR,NR,NR,NR,NR,NR,NR,NR,NR,NR,NR,NR,NR,NR,NR,NR
2014/1/11,RH,84,85,86,87,87,88,86,83,73,63,56,53,60,66,71,74,74,79,83,86,85,86,88,88
2014/1/11,SO2,0.4,1.7,1.6,1.4,1.4,1.2,1.1,1.1,2.9,2.5,3.6,5.7,4.1,7.6,7.3,9.5,6.5,2.6,1.8,1.3,1.9,2.6,5,4.4
2014/1/11,THC,2,2,1.9,1.9,1.9,1.9,1.9,1.9,2.2,2.1,1.9,1.9,2,1.9,1.8,1.9,1.9,1.9,1.9,1.9,2.1,2.1,2.2,2
2014/1/11,WD_HR,106,115,110,110,105,101,100,90,20,45,316,303,303,311,312,312,310,351,52,61,139,196,197,172
2014/1/11,WIND_DIREC,104,106,107,113,99,111,100,69,345,44,316,297,314,310,315,313,294,59,55,51,129,195,174,156
2014/1/11,WIND_SPEED,1.4,1.8,1.5,2,1.9,2.1,2.1,1.1,0.6,1.7,1.8,2.4,3.3,3.5,3.2,2.5,2.7,1.5,1,1.1,0.9,1.6,1.9,1.3
2014/1/11,WS_HR,1.3,1.8,1.6,1.9,2,1.9,2,1.7,0.4,0.5,1.3,1.7,2.6,3.1,2.3,2.4,2.1,0.4,0.7,1.3,0.7,1,1.4,1.3
2014/1/12,AMB_TEMP,17,17,17,16,16,16,15,14,15,17,17,18,19,20,20,19,18,16,15,15,15,15,15,15
2014/1/12,CH4,1.8,1.8,1.8,1.8,1.8,1.8,1.8,1.8,1.8,1.8,1.8,1.8,1.7,1.7,1.7,1.7,1.7,1.7,1.7,1.7,1.7,1.7,1.8,1.8
2014/1/12,CO,0.5,0.44,0.43,0.4,0.33,0.3,0.36,0.52,0.59,0.34,0.28,0.26,0.23,0.24,0.24,0.23,0.25,0.27,0.28,0.26,0.26,0.27,0.27,0.28
2014/1/12,NMHC,0.19,0.16,0.16,0.17,0.12,0.09,0.13,0.17,0.19,0.12,0.09,0.08,0.06,0.06,0.06,0.06,0.06,0.07,0.08,0.06,0.06,0.05,0.05,0.05
2014/1/12,NO,1.8,1.2,0.6,1.5,1.2,1.3,1.3,4.9,12,3,3,2.3,2.2,2,1.9,1.6,1.6,1.5,1.4,1.1,1.1,1.2,1.1,1.3
2014/1/12,NO2,16,10,9.4,9.7,7.7,5.7,9.6,19,18,8.4,8.2,7.6,7.3,6.6,6.9,6.9,8.8,9.9,9.7,8,7.4,6.6,6.6,5.6
2014/1/12,NOx,17,11,10,11,8.9,7,11,24,30,11,11,9.9,9.6,8.6,8.8,8.5,10,11,11,9.1,8.5,7.8,7.7,6.9
2014/1/12,O3,29,34,36,29,30,37,26,10,12,33,33,37,38,43,43,43,35,30,29,32,32,32,31,31
2014/1/12,PM10,87,102,108,102,78,56,45,38,31,40,58,63,53,36,35,32,41,32,34,30,34,31,18,19
2014/1/12,PM2.5,48,56,62,52,40,32,37,31,34,32,33,31,21,20,19,24,25,14,16,22,23,18,6,9
2014/1/12,RAINFALL,NR,NR,NR,NR,NR,NR,NR,NR,NR,NR,NR,NR,NR,NR,NR,NR,NR,NR,NR,NR,NR,NR,NR,NR
2014/1/12,RH,87,86,85,83,81,77,77,79,74,71,71,66,62,59,60,63,71,78,81,81,80,81,81,80
2014/1/12,SO2,4.1,3.9,2.6,2.1,1.5,1.3,1.2,1.2,1.5,2.1,1.5,1.3,1,0.8,0.9,0.8,0.7,0.5,0.2,0.2,0.1,-0.1,-0.1,-0.2
2014/1/12,THC,2,2,2,2,1.9,1.8,1.9,1.9,2,1.9,1.9,1.8,1.8,1.8,1.8,1.8,1.8,1.8,1.8,1.8,1.8,1.8,1.8,1.8
2014/1/12,WD_HR,176,163,214,30,88,99,44,50,42,314,301,112,83,62,96,113,117,106,169,124,84,93,78,58
2014/1/12,WIND_DIREC,179,148,212,46,103,118,47,46,41,304,291,66,68,200,115,96,115,87,181,170,169,98,72,27
2014/1/12,WIND_SPEED,1.7,1.3,1.5,1,2.9,1.4,1.9,1.4,1.6,3.5,4,3.2,3.3,2.7,2.9,3.9,2.9,3,2.8,1.7,2.3,2.2,2.1,1.5
2014/1/12,WS_HR,1.6,1,1,0.4,1.7,2.2,0.5,0.9,0.6,1.6,1,0.7,1.5,1.2,0.5,0.7,1,0.7,0.1,0.5,0.3,1,0.8,1.2
2014/1/13,AMB_TEMP,15,14,14,14,14,14,13,13,14,15,16,17,18,18,17,15,15,14,14,14,14,14,14,14
2014/1/13,CH4,1.8,1.8,1.8,1.8,1.8,1.8,1.8,1.8,1.8,1.8,1.8,1.8,1.8,1.8,1.8,1.8,1.8,1.8,1.8,1.8,1.8,1.8,1.8,1.8
2014/1/13,CO,0.27,0.27,0.26,0.27,0.3,0.3,0.33,0.43,0.39,0.37,0.38,0.38,0.4,0.37,0.35,0.32,0.37,0.45,0.42,0.46,0.46,0.42,0.45,0.41
2014/1/13,NMHC,0.06,0.06,0.04,0.04,0.05,0.05,0.07,0.1,0.08,0.12,0.11,0.1,0.13,0.15,0.13,0.1,0.13,0.21,0.18,0.15,0.14,0.15,0.14,0.11
2014/1/13,NO,1.1,0.9,1,0.8,0.5,0.8,0.5,0.9,1.2,1.6,2.3,2.9,2.9,2.5,1.9,1.8,1.2,1.1,0.8,0.9,0.6,0.5,0.6,0.7
2014/1/13,NO2,5.4,5.1,5,3.6,3.9,3.9,5.6,8,7.5,5.8,6.9,7.9,8.9,9.1,9,8.9,10,12,12,10,11,7.1,8.7,6.2
2014/1/13,NOx,6.5,6,6,4.4,4.3,4.6,6,8.9,8.7,7.4,9.2,11,12,12,11,11,12,14,13,11,11,7.5,9.3,6.9
2014/1/13,O3,31,31,32,32,33,32,30,28,30,32,33,35,40,41,39,38,36,32,30,30,29,32,28,31
2014/1/13,PM10,13,17,20,34,38,33,25,25,26,25,30,25,33,35,53,56,61,61,55,47,42,34,34,38
2014/1/13,PM2.5,10,10,10,13,18,16,7,5,2,11,8,21,17,23,18,29,38,43,44,48,47,36,25,23
2014/1/13,RAINFALL,NR,NR,NR,NR,NR,NR,NR,NR,NR,NR,NR,NR,NR,NR,NR,NR,NR,NR,NR,NR,NR,NR,NR,NR
2014/1/13,RH,81,81,83,83,82,81,81,82,79,74,70,67,63,62,65,71,74,75,76,77,77,76,78,78
2014/1/13,SO2,-0.3,1.2,1,0.9,0.9,0.8,0.8,0.9,0.9,1,1.2,1.2,1.6,1.8,1.5,1.2,1,1,0.9,1,0.9,0.5,0.6,0.4
2014/1/13,THC,1.8,1.8,1.8,1.8,1.8,1.8,1.8,1.9,1.9,1.9,1.9,1.9,1.9,1.9,1.9,1.9,1.9,2,2,1.9,1.9,1.9,1.9,1.9
2014/1/13,WD_HR,30,352,93,85,72,74,69,82,76,75,74,68,97,104,91,97,93,24,75,73,69,53,55,57
2014/1/13,WIND_DIREC,350,35,92,78,73,66,69,88,67,106,199,353,92,189,88,98,41,44,89,77,64,29,55,28
2014/1/13,WIND_SPEED,1.4,1.8,2.9,1.6,2.1,2.6,1.6,2.5,2.3,2.5,3.3,3.1,3.5,3,3,2.7,2.5,1.7,2.4,1.7,2.1,1.4,1.8,2.1
2014/1/13,WS_HR,0.3,0.2,0.7,0.6,0.4,1,0.4,0.5,1.1,0.3,0.7,0.7,0.7,0.4,1,1.5,0.7,0.2,0.5,0.7,1,1.1,0.8,1.2
2014/1/14,AMB_TEMP,13,14,14,14,14,14,13,13,14,14,15,15,14,14,13,13,13,12,12,12,12,12,12,11
2014/1/14,CH4,1.8,1.8,1.8,1.8,1.8,1.8,1.8,1.8,1.8,1.8,1.8,1.8,1.8,1.8,1.8,1.8,1.8,1.8,1.8,1.8,1.8,1.8,1.8,1.8
2014/1/14,CO,0.43,0.38,0.39,0.36,0.27,0.26,0.26,0.28,0.26,0.28,0.28,0.31,0.31,0.31,0.3,0.31,0.3,0.33,0.33,0.31,0.31,0.27,0.27,0.25
2014/1/14,NMHC,0.13,0.12,0.1,0.1,0.06,0.1,0.06,0.06,0.05,0.09,0.07,0.15,0.11,0.14,0.14,0.16,0.11,0.13,0.11,0.1,0.13,0.09,0.08,0.08
2014/1/14,NO,0.6,0.6,0.5,0.4,0.6,0.6,0.9,1,1.3,1.9,1.7,1.8,2.1,1.8,1.7,1.9,1.4,1,0.6,0.8,1.1,1,0.8,0.8
2014/1/14,NO2,6.3,4.3,3.7,5,6.4,5.2,5.3,6.1,4.5,6.8,5.6,6.9,7.6,8.6,8.3,8.2,7.7,9.6,10,8.6,7,6.1,6.1,6.1
2014/1/14,NOx,6.8,4.9,4.2,5.4,7,5.8,6.2,7.1,5.8,8.6,7.3,8.6,9.7,10,10,10,9.1,11,11,9.5,8,7.1,6.9,6.9
2014/1/14,O3,26,30,29,29,32,35,37,37,37,35,37,36,37,33,33,32,33,31,30,30,30,30,29,30
2014/1/14,PM10,41,39,26,25,36,37,40,36,38,43,36,34,32,24,25,17,24,21,27,21,27,27,25,20
2014/1/14,PM2.5,29,23,21,21,30,26,26,26,23,16,4,6,6,8,10,6,4,7,14,20,17,14,13,9
2014/1/14,RAINFALL,NR,NR,NR,NR,NR,NR,NR,NR,NR,NR,NR,NR,NR,NR,NR,NR,NR,NR,NR,NR,NR,NR,NR,NR
2014/1/14,RH,80,79,80,81,85,85,84,82,77,73,71,70,72,76,77,76,75,76,77,76,76,76,78,79
2014/1/14,SO2,0.2,5.5,5.6,5.8,6.3,6,6,5.9,5.6,5.5,1.4,1.5,1.3,1,0.9,0.8,0.9,1.1,1.1,0.8,0.6,0.4,0.5,0.5
2014/1/14,THC,1.9,1.9,1.9,1.9,1.8,1.9,1.8,1.8,1.8,1.9,1.8,1.9,1.9,1.9,1.9,1.9,1.9,1.9,1.9,1.9,1.9,1.8,1.8,1.8
2014/1/14,WD_HR,54,58,59,60,87,95,84,64,59,79,61,216,98,72,92,88,110,83,91,87,77,63,56,60
2014/1/14,WIND_DIREC,66,29,57,102,81,102,97,55,55,89,66,275,298,104,86,77,96,85,77,72,75,97,53,49
2014/1/14,WIND_SPEED,1.8,1.1,1.7,2.6,2.4,3.4,2.3,5.4,4.2,2.9,3.7,3.3,3.1,3.6,3.3,2.5,3.8,3.7,2.5,2.2,2.2,2,2.1,2.1
2014/1/14,WS_HR,0.8,1,1.1,0.5,1.4,0.6,1.4,3.4,3.9,1.6,3.8,0.2,0.7,0.2,1.4,1,1.1,2.2,1.4,1.2,1.3,1.6,1.4,1.2
2014/1/15,AMB_TEMP,11,11,11,11,11,10,11,11,12,14,16,17,18,18,18,18,17,15,14,14,13,12,13,13
2014/1/15,CH4,1.7,1.7,1.7,1.7,1.7,1.8,1.7,1.7,1.7,1.7,1.7,1.7,1.7,1.7,1.7,1.7,1.7,1.7,1.8,1.7,1.7,1.8,1.7,1.7
2014/1/15,CO,0.2,0.19,0.19,0.19,0.19,0.21,0.21,0.29,0.2,0.19,0.18,0.19,0.2,0.19,0.19,0.21,0.25,0.3,0.45,0.29,0.34,0.3,0.22,0.22
2014/1/15,NMHC,0.07,0.05,0.06,0.04,0.05,0.05,0.04,0.09,0.04,0.05,0.08,0.1,0.07,0.07,0.07,0.09,0.12,0.12,0.28,0.17,0.2,0.1,0.05,0.09
2014/1/15,NO,0.8,0.8,0.9,0.7,0.5,0.6,0.4,1.1,1.2,1.2,1,1.1,1.1,0.8,0.8,0.7,1,0.5,0.4,0.4,0.4,0.4,0.5,0.5
2014/1/15,NO2,3.2,2.6,2.4,2.6,2.2,4,4.4,7.3,3.3,3.2,3,3.4,3.5,2.8,3.5,3.8,6.7,9.7,17,9.2,13,9.4,4.6,3.9
2014/1/15,NOx,4.1,3.3,3.3,3.3,2.6,4.6,4.8,8.5,4.5,4.4,4,4.4,4.6,3.6,4.3,4.5,7.7,10,17,9.6,13,9.8,5.1,4.4
2014/1/15,O3,36,36,35,36,38,34,36,33,38,38,39,41,43,44,44,44,40,35,24,31,25,27,33,33
2014/1/15,PM10,17,25,19,21,19,20,21,33,41,43,37,37,35,39,38,47,51,55,56,41,48,38,39,27
2014/1/15,PM2.5,9,4,8,5,14,11,13,4,9,15,23,23,18,10,4,13,14,18,20,25,24,14,15,22
2014/1/15,RAINFALL,NR,NR,NR,NR,NR,NR,NR,NR,NR,NR,NR,NR,NR,NR,NR,NR,NR,NR,NR,NR,NR,NR,NR,NR
2014/1/15,RH,75,74,75,72,66,69,67,65,54,45,40,37,39,40,40,40,45,47,55,54,58,60,59,59
2014/1/15,SO2,0.2,1.1,1,1,0.9,1.1,1.3,1,0.8,0.9,2.3,2,1.1,1,0.8,0.8,1,1.1,2.8,0.9,1.1,0.6,0.3,0.3
2014/1/15,THC,1.8,1.8,1.8,1.8,1.8,1.8,1.8,1.8,1.8,1.8,1.8,1.8,1.8,1.8,1.8,1.8,1.9,1.9,2,1.9,1.9,1.9,1.8,1.8
2014/1/15,WD_HR,70,78,74,82,63,56,54,65,58,58,353,304,306,301,320,89,78,63,54,58,55,62,73,88
2014/1/15,WIND_DIREC,70,76,80,70,71,47,57,61,51,62,307,319,312,314,30,142,75,65,50,71,63,63,102,90
2014/1/15,WIND_SPEED,1.8,1.7,2.1,1.9,1.6,1.9,2.5,4.9,2.5,2.2,2.5,3,3.3,3.5,1.7,2.8,1.8,1.7,1.1,1.6,1.7,1.9,1.1,2.1
2014/1/15,WS_HR,1,0.8,0.9,1,1.8,1.1,2.4,1.9,2.8,1.6,0.7,0.9,1.9,1.8,0.7,0.4,0.8,1.1,1,1.3,1,1,1.7,1.3
2014/1/16,AMB_TEMP,13,13,14,13,12,12,12,12,13,15,16,18,20,20,20,20,19,18,16,15,14,14,13,13
2014/1/16,CH4,1.7,1.7,1.7,1.8,1.8,1.8,1.8,1.8,1.8,1.7,1.7,1.7,1.8,1.8,1.8,1.8,1.8,1.8,1.8,1.8,1.8,1.8,1.8,1.7
2014/1/16,CO,0.24,0.22,0.21,0.23,0.25,0.28,0.32,0.63,0.64,0.28,0.2,0.24,0.27,0.27,0.27,0.26,0.3,0.48,0.49,0.42,0.36,0.32,0.28,0.23
2014/1/16,NMHC,0.07,0.06,0.05,0.1,0.13,0.14,0.17,0.29,0.28,0.18,0.08,0.11,0.1,0.11,0.15,0.15,0.18,0.27,0.25,0.18,0.13,0.1,0.08,0.07
2014/1/16,NO,0.5,0.3,0.3,0.8,0.9,0.8,1.1,11,16,3.5,1.5,1.5,2.6,1.9,1.6,1.7,1.4,1.3,1.2,1.2,0.9,0.9,1.1,0.6
2014/1/16,NO2,4.8,3.5,2.7,5,5.9,9,14,23,21,7.3,2.7,4.4,10,8.2,9.2,11,13,21,21,14,10,8.8,6.8,4.9
2014/1/16,NOx,5.2,3.9,3,5.8,6.8,9.7,16,34,36,11,4.3,5.9,13,10,11,13,15,22,22,15,11,9.7,7.8,5.5
2014/1/16,O3,27,29,32,23,20,16,12,5.9,11,30,40,48,49,56,60,58,54,34,26,25,25,23,24,26
2014/1/16,PM10,17,10,5,12,12,10,10,23,27,32,27,31,31,47,55,58,50,52,57,58,55,47,35,26
2014/1/16,PM2.5,24,16,7,7,6,5,2,17,15,33,25,30,15,20,30,41,38,34,27,26,27,22,28,29
2014/1/16,RAINFALL,NR,NR,NR,NR,NR,NR,NR,NR,NR,NR,NR,NR,NR,NR,NR,NR,NR,NR,NR,NR,NR,NR,NR,NR
2014/1/16,RH,64,65,64,67,69,68,65,61,57,52,45,42,39,38,41,44,46,49,60,65,69,71,73,74
2014/1/16,SO2,0.3,1.2,1.2,1.5,1.6,1.5,1.5,2,3.1,1.8,1.7,2.3,4,2.4,2.5,2.7,3,3.1,2.2,1.6,1.4,1.4,1.1,1
2014/1/16,THC,1.8,1.8,1.8,1.9,1.9,1.9,1.9,2.1,2,1.9,1.8,1.9,1.9,1.9,1.9,1.9,1.9,2,2,2,1.9,1.9,1.8,1.8
2014/1/16,WD_HR,98,84,97,23,38,44,48,1.6,52,328,70,342,301,280,293,302,300,316,111,121,116,119,113,107
2014/1/16,WIND_DIREC,120,88,80,26,39,32,48,353,82,304,59,292,305,264,308,304,297,40,118,116,116,121,105,106
2014/1/16,WIND_SPEED,1.1,2.8,1.2,1.1,1.2,0.7,1.4,0.9,1.6,2.9,1.4,1.8,2.6,2.2,2.7,2.2,2.4,0.9,1.7,1.7,1.9,2.1,2.5,2
2014/1/16,WS_HR,0.8,2,2,0.4,0.9,0.6,0.7,0.3,1.2,0.9,0.8,0.8,2.1,2.3,2.4,2.5,2.6,1.5,1.4,1.4,2,2.1,2.3,2.1
2014/1/17,AMB_TEMP,13,13,13,12,12,12,12,13,15,17,19,20,21,21,20,20,19,17,16,15,15,14,14,13
2014/1/17,CH4,1.7,1.8,1.8,1.8,1.7,1.7,1.7,1.7,1.8,1.8,1.7,1.7,1.8,1.8,1.7,1.7,1.7,1.8,1.8,1.8,1.8,1.8,1.8,1.8
2014/1/17,CO,0.22,0.23,0.26,0.26,0.25,0.26,0.3,0.5,2.61,1.22,0.44,0.26,0.3,0.29,0.23,0.24,0.27,0.34,0.56,0.45,0.4,0.36,0.31,0.32
2014/1/17,NMHC,0.07,0.08,0.11,0.11,0.09,0.12,0.1,0.17,0.55,0.52,0.25,0.13,0.13,0.2,0.12,0.11,0.14,0.18,0.39,0.49,0.3,0.24,0.14,0.23
2014/1/17,NO,0.7,0.8,0.8,1.2,0.9,0.9,1.1,3.2,22,14,10,2.3,3.3,4.3,2,1.4,2.1,1.3,2.1,2.1,1.3,1.3,1.2,1.2
2014/1/17,NO2,4.1,4.5,4.9,4.8,4.5,5.1,6.6,12,30,32,24,9.3,15,17,9.3,9.5,16,18,33,26,20,17,12,13
2014/1/17,NOx,4.8,5.3,5.7,6,5.3,6,7.7,15,52,46,34,12,18,21,11,11,18,19,35,28,21,18,14,14
2014/1/17,O3,28,31,33,32,35,31,27,20,11,26,30,49,43,48,60,58,43,34,14,17,19,21,25,19
2014/1/17,PM10,26,28,32,24,20,25,22,31,22,50,55,53,40,58,70,72,46,42,44,56,60,49,43,30
2014/1/17,PM2.5,27,25,22,23,22,22,23,11,2,18,31,36,22,22,16,20,16,34,32,27,17,22,24,17
2014/1/17,RAINFALL,NR,NR,NR,NR,NR,NR,NR,NR,NR,NR,NR,NR,NR,NR,NR,NR,NR,NR,NR,NR,NR,NR,NR,NR
2014/1/17,RH,74,74,73,75,74,73,71,65,61,51,41,39,41,47,43,43,54,58,63,65,69,70,68,73
2014/1/17,SO2,0.9,1.8,1.7,1.5,1.6,1.5,1.3,1.4,5.6,5.4,8.8,3.2,4.7,6.3,3.2,3,4.2,3.2,3,2.8,2.2,1.9,1.8,1.6
2014/1/17,THC,1.8,1.8,1.9,1.9,1.8,1.9,1.8,1.9,2.4,2.3,2,1.9,1.9,1.9,1.9,1.9,1.9,1.9,2.2,2.3,2.1,2,1.9,2
2014/1/17,WD_HR,102,102,111,106,104,96,101,106,82,329,312,316,313,309,316,314,302,62,47,337,78,6.4,69,325
2014/1/17,WIND_DIREC,94,113,113,109,106,103,92,96,49,335,321,314,320,307,307,313,319,42,43,311,99,58,92,315
2014/1/17,WIND_SPEED,1.9,0.9,1.2,2.4,1.6,1.7,2.1,1.4,0.8,0.9,2,3.4,4.4,3.8,3,3.8,2.8,1,1.3,2.4,2,1.5,1.5,1.3
2014/1/17,WS_HR,2.2,1.7,1.2,1.7,1.6,1.5,2,1.3,0.3,0.4,1.2,2.1,3.7,3.5,1.3,2.5,1.9,0.8,1,0.9,0.6,0.3,0.6,0.6
2014/1/18,AMB_TEMP,13,12,12,12,13,13,12,12,13,15,16,17,18,17,17,15,14,13,11,10,9.9,9.9,9.6,9.3
2014/1/18,CH4,1.8,1.8,1.7,1.7,1.7,1.7,1.7,1.7,1.7,1.7,1.7,1.8,1.8,1.8,1.8,1.8,1.8,1.8,1.9,1.8,1.8,1.8,1.8,1.8
2014/1/18,CO,0.26,0.23,0.18,0.16,0.16,0.15,0.19,0.26,0.21,0.21,0.24,0.29,0.42,0.56,0.6,0.59,0.59,0.64,0.59,0.57,0.57,0.49,0.45,0.44
2014/1/18,NMHC,0.18,0.13,0.12,0.07,0.03,0.03,0.06,0.06,0.05,0.07,0.06,0.08,0.09,0.12,0.12,0.12,0.13,0.15,0.17,0.13,0.12,0.08,0.07,0.07
2014/1/18,NO,0.9,1,1,1.7,1.4,1.1,1.2,1.8,1.7,1.9,2,1.9,1.7,2,1.8,1.4,1.7,1.5,1.6,1.5,1.7,1.2,1.1,1.4
2014/1/18,NO2,8.7,7.2,4.6,2.4,2,2.1,4,8.5,3.6,3.8,4.2,5.2,7.3,9.8,10,11,12,14,12,11,12,6.7,5.9,5.6
2014/1/18,NOx,9.6,8.1,5.6,4,3.4,3.2,5.2,10,5.2,5.8,6.2,7,9,12,12,13,14,15,14,13,13,7.9,7.1,7
2014/1/18,O3,22,21,29,35,40,40,34,31,38,43,50,56,63,68,73,78,76,70,67,64,60,64,61,56
2014/1/18,PM10,30,28,25,25,15,20,11,20,20,30,30,42,68,102,136,165,180,166,148,138,144,139,130,111
2014/1/18,PM2.5,17,26,25,24,10,7,11,16,19,9,8,6,32,50,81,90,109,109,105,102,106,107,92,80
2014/1/18,RAINFALL,NR,NR,NR,NR,NR,NR,NR,NR,NR,NR,NR,NR,NR,NR,NR,NR,NR,NR,NR,NR,NR,NR,NR,NR
2014/1/18,RH,75,77,73,68,60,54,60,59,55,48,45,44,43,42,43,45,47,50,52,51,54,51,50,52
2014/1/18,SO2,1.3,1.1,1,0.9,1.2,1.2,1.2,1.2,1.4,1.9,2.4,3,5.1,7.2,7.9,8.4,8.2,7.7,7.3,6.9,6.1,5.5,4.9,4.1
2014/1/18,THC,1.9,1.9,1.9,1.8,1.8,1.8,1.8,1.8,1.8,1.8,1.8,1.8,1.9,1.9,1.9,2,2,2,2,2,2,1.9,1.9,1.9
2014/1/18,WD_HR,66,46,39,60,64,64,61,64,58,79,99,86,86,85,95,105,105,106,100,81,65,51,55,62
2014/1/18,WIND_DIREC,350,53,30,67,62,80,55,56,73,85,104,87,93,90,103,108,109,93,101,76,53,50,58,73
2014/1/18,WIND_SPEED,1.8,1.2,1.5,1.7,3.2,1.8,3.8,3.2,2.2,2.8,3.3,3.8,3.6,3.6,3.6,4.2,3.6,2.4,2.7,2.1,3.9,5,3.2,3.1
2014/1/18,WS_HR,0.4,0.8,0.3,0.8,1.5,2.3,1.5,1.5,2,0.6,1.1,0.9,1.8,2.1,2,2.3,2.2,1.3,0.8,0.9,1.5,4.6,3.3,2.3
2014/1/19,AMB_TEMP,9.6,9.8,10,10,9.7,10,10,10,12,14,17,18,18,19,19,18,17,17,15,15,15,15,14,13
2014/1/19,CH4,1.8,1.8,1.8,1.8,1.8,1.8,1.7,1.7,1.8,1.8,1.8,1.8,1.8,1.8,1.8,1.8,1.8,1.8,1.8,1.8,1.8,1.8,1.8,1.8
2014/1/19,CO,0.39,0.37,0.35,0.34,0.33,0.29,0.25,0.4,0.8,0.87,0.6,0.54,0.52,0.48,0.49,0.54,0.52,0.58,0.56,0.53,0.53,0.65,0.51,0.44
2014/1/19,NMHC,0.06,0.06,0.05,0.04,0.07,0.06,0.05,0.13,0.33,0.31,0.18,0.14,0.13,0.11,0.11,0.14,0.15,0.16,0.11,0.09,0.11,0.18,0.13,0.1
2014/1/19,NO,1.4,1.4,1.4,0.9,1,0.8,0.9,1.8,13,12,4.5,1.6,1.8,1.3,0.9,1.2,0.8,0.7,0.9,0.8,0.7,1.2,1,1
2014/1/19,NO2,4.7,4.2,3.4,2.7,3.4,3.2,3.4,11,25,28,18,13,12,11,14,19,15,18,15,12,14,24,13,9.4
2014/1/19,NOx,6.1,5.5,4.8,3.6,4.4,4,4.3,13,38,40,23,14,14,13,15,20,16,18,16,13,15,25,14,10
2014/1/19,O3,54,50,48,47,40,42,37,22,11,20,48,65,74,79,73,68,68,63,45,46,46,30,38,43
2014/1/19,PM10,89,76,60,48,41,43,38,22,18,29,75,100,119,110,112,121,127,135,134,129,120,123,120,118
2014/1/19,PM2.5,64,52,36,41,46,48,38,21,11,11,40,64,75,62,50,57,66,72,77,72,75,72,69,62
2014/1/19,RAINFALL,NR,NR,NR,NR,NR,NR,NR,NR,NR,NR,NR,NR,NR,NR,NR,NR,NR,NR,NR,NR,NR,NR,NR,NR
2014/1/19,RH,49,50,49,47,51,47,45,47,47,40,42,42,41,38,40,44,46,47,73,72,62,63,66,68
2014/1/19,SO2,3.6,3.5,3.1,3,2.7,2.6,2.1,1.8,4.4,5.1,5.6,5.3,4.7,4.2,5.7,8.1,6.1,6.3,4.6,3.4,4.1,5.8,3.6,2.9
2014/1/19,THC,1.9,1.9,1.8,1.8,1.9,1.8,1.8,1.9,2.1,2.1,2,1.9,1.9,1.9,1.9,1.9,1.9,2,1.9,1.9,1.9,2,2,1.9
2014/1/19,WD_HR,68,66,74,74,62,59,62,68,286,253,207,212,207,215,272,310,302,300,335,99,138,198,114,123
2014/1/19,WIND_DIREC,59,71,83,77,63,54,70,344,270,232,198,208,192,199,297,308,295,261,76,99,160,183,113,129
2014/1/19,WIND_SPEED,2.3,2.6,3.4,2.8,1.7,2.2,1.6,0.6,0.7,1.7,3.3,3.2,2.2,2.7,2.1,2.5,1.4,0.7,1.1,0.9,1.3,0.9,2.2,1.2
2014/1/19,WS_HR,2.5,1.9,2.8,2.9,1.3,1.8,2,0.7,0.5,0.8,2.7,3.3,2.2,2.2,1.8,2,1.8,0.9,1.1,1,1.3,1.4,1.2,1.8
2014/1/20,AMB_TEMP,12,12,11,12,12,11,10,10,12,15,16,17,18,18,18,18,17,15,15,14,14,14,13,13
2014/1/20,CH4,1.8,1.8,1.8,1.9,1.9,1.8,1.8,1.8,1.8,1.8,1.8,1.8,1.8,1.8,1.8,1.8,1.8,1.8,1.8,1.8,1.8,1.8,1.8,1.8
2014/1/20,CO,0.4,0.34,0.36,0.45,0.49,0.48,0.5,0.64,0.71,0.48,0.44,0.45,0.45,0.4,0.38,0.37,0.37,0.39,0.38,0.35,0.33,0.34,0.41,0.43
2014/1/20,NMHC,0.08,0.08,0.1,0.12,0.13,0.11,0.11,0.16,0.17,0.11,0.1,0.14,0.14,0.1,0.11,0.14,0.15,0.14,0.13,0.17,0.15,0.11,0.12,0.13
2014/1/20,NO,0.8,0.7,0.8,0.9,1,1,0.9,2.8,4.2,3.7,3.8,2.9,2.4,1.9,2.5,2.1,1.2,1,0.9,0.7,1,0.7,0.6,0.4
2014/1/20,NO2,7.3,5.8,5.7,11,11,9.3,9.3,12,15,16,17,14,13,12,15,10,11,13,13,9.7,9.4,8.7,8.7,6.7
2014/1/20,NOx,8.1,6.5,6.5,12,12,10,10,14,20,19,20,17,16,14,17,12,12,14,14,10,10,9.4,9.3,7.2
2014/1/20,O3,41,41,34,28,25,23,24,20,25,38,44,54,62,58,49,53,50,43,39,38,36,33,35,37
2014/1/20,PM10,102,88,68,65,70,84,90,90,94,90,93,87,90,0,89,82,75,62,66,65,66,53,39,29
2014/1/20,PM2.5,61,59,60,48,53,60,66,53,55,57,57,51,46,-1,51,47,44,46,46,39,18,19,23,34
2014/1/20,RAINFALL,NR,NR,NR,NR,NR,NR,NR,NR,NR,NR,NR,NR,NR,NR,0,NR,NR,NR,NR,NR,NR,NR,NR,NR
2014/1/20,RH,70,71,73,73,78,80,81,80,77,65,54,47,46,55,61,63,66,72,73,73,74,73,75,75
2014/1/20,SO2,2.4,2.3,2.3,3.1,3,2.4,2.2,2.1,3.3,7.5,7.9,6.2,4.2,3.8,4.9,3.5,2.8,2.7,2.5,2.2,2.2,2.4,2.8,2.7
2014/1/20,THC,1.9,1.9,1.9,2,2,1.9,1.9,2,2,1.9,1.9,1.9,1.9,1.9,1.9,1.9,1.9,1.9,1.9,1.9,1.9,1.9,1.9,1.9
2014/1/20,WD_HR,102,111,114,116,110,119,114,110,80,354,316,278,276,298,305,319,75,73,61,50,58,43,56,61
2014/1/20,WIND_DIREC,104,117,129,93,118,118,112,114,49,314,304,292,275,312,305,78,287,68,57,347,59,48,63,53
2014/1/20,WIND_SPEED,1.9,2.1,1.4,1.3,2.1,2.4,2.1,2.3,1.5,1.9,1.3,2.6,2.2,3.7,3.4,2.5,2.3,1.8,4,1.9,3.9,1.1,1.9,1.9
2014/1/20,WS_HR,1.8,1.9,1.7,1,1.4,2.1,2.3,2.1,1.1,0.6,0.8,1.3,1.4,2.4,2.9,0.9,0.8,1.2,1.6,1.2,1.8,1.2,1.2,1.3
2014/2/1,AMB_TEMP,15,14,14,14,14,14,14,14,16,20,22,23,24,24,24,23,23,22,19,18,19,18,17,19
2014/2/1,CH4,1.8,1.8,1.7,1.8,1.7,1.7,1.7,1.7,1.8,1.8,1.7,1.7,1.7,1.7,1.7,1.7,1.7,1.7,1.7,1.8,1.7,1.8,1.8,1.7
2014/2/1,CO,0.27,0.26,0.25,0.26,0.24,0.23,0.26,0.45,0.76,0.56,0.33,0.3,0.27,0.26,0.25,0.24,0.24,0.33,0.4,0.43,0.33,0.51,0.37,0.33
2014/2/1,NMHC,0.05,0.05,0.04,0.05,0.05,0.05,0.05,0.13,0.22,0.16,0.06,0.05,0.04,0.04,0.04,0.03,0.04,0.08,0.12,0.14,0.09,0.2,0.1,0.08
2014/2/1,NO,0.9,0.9,1,1.6,1.3,1.2,1.4,2.2,4.2,4.3,2.8,2.1,2.1,2,1.7,1.7,1.7,1.6,1.6,1.6,1.8,1.8,1.8,1.8
2014/2/1,NO2,4.8,4.4,3.9,2.4,2.8,2.7,3.3,9.1,16,14,7,4.5,3.6,3.9,4.4,4.2,5.6,7.9,12,14,10,22,13,9.9
2014/2/1,NOx,5.7,5.3,4.9,4,4.1,3.9,4.7,11,20,18,9.8,6.6,5.7,5.9,6.1,5.9,7.4,9.5,13,16,12,23,14,12
2014/2/1,O3,45,45,45,43,41,41,41,31,28,42,56,61,62,65,65,61,57,53,42,34,43,20,32,40
2014/2/1,PM10,32,22,27,27,20,16,8,8,18,29,43,52,48,37,32,36,36,36,48,61,61,57,42,43
2014/2/1,PM2.5,30,32,36,29,16,10,23,27,33,21,32,30,36,26,21,19,19,19,18,27,37,39,31,25
2014/2/1,RAINFALL,NR,NR,NR,NR,NR,NR,NR,NR,NR,NR,NR,NR,NR,NR,NR,NR,NR,NR,NR,NR,NR,NR,NR,NR
2014/2/1,RH,63,61,62,63,63,60,57,58,56,44,38,41,38,38,41,43,46,49,56,61,57,63,64,59
2014/2/1,SO2,1.8,0.9,0.9,0.9,0.8,0.9,1,1.1,1.6,1.9,4.1,2.9,2.2,2.8,2.6,2.8,3.4,2.1,1.9,1.8,1.7,1.7,1.6,1.7
2014/2/1,THC,1.8,1.8,1.8,1.8,1.8,1.8,1.8,1.9,2,1.9,1.8,1.8,1.8,1.8,1.8,1.7,1.8,1.8,1.9,1.9,1.8,2,1.9,1.8
2014/2/1,WD_HR,111,112,104,116,108,101,97,87,90,292,305,312,313,304,312,310,307,328,89,92,78,38,80,72
2014/2/1,WIND_DIREC,113,109,104,119,105,80,82,89,47,293,311,314,305,300,314,317,306,51,115,90,52,53,53,85
2014/2/1,WIND_SPEED,2.3,2.2,2.6,2,2.5,1.4,1.2,0.7,0.6,1.1,2,2.9,3.2,3.2,3.6,3.6,3.1,1.1,1.6,1.3,1.1,1,0.9,1.3
2014/2/1,WS_HR,2.5,2.2,2.2,2,1.8,1.7,1.3,0.8,0.4,0.5,1.3,2.1,2.1,2.1,3.1,2.8,2.1,0.4,1.3,1,1.1,0.4,0.9,1.1
2014/2/2,AMB_TEMP,18,17,18,18,18,18,17,18,21,24,24,25,26,25,25,25,24,23,22,22,21,20,20,20
2014/2/2,CH4,1.7,1.7,1.8,1.8,1.8,1.7,1.7,1.7,1.7,1.7,1.7,1.7,1.7,1.7,1.7,1.7,1.7,1.7,1.8,1.8,1.8,1.7,1.8,1.8
2014/2/2,CO,0.3,0.25,0.31,0.28,0.27,0.25,0.28,0.36,0.43,0.24,0.33,0.31,0.27,0.26,0.28,0.3,0.37,0.38,0.42,0.5,0.45,0.38,0.55,0.46
2014/2/2,NMHC,0.08,0.06,0.11,0.1,0.1,0.09,0.1,0.11,0.13,0.04,0.08,0.07,0.06,0.06,0.07,0.07,0.08,0.09,0.12,0.18,0.15,0.12,0.21,0.15
2014/2/2,NO,1.9,1.6,1.7,0.7,0.7,0.5,0.8,1.3,3,0.9,1.5,1.9,1.7,1.3,1.6,1.5,2.2,0.8,0.8,1.5,1.4,0.9,1.3,0.7
2014/2/2,NO2,7.1,4.8,8.7,7.5,7.4,6.6,8.6,9.4,12,2.9,9.1,9.8,7.9,7.9,10,13,17,14,17,20,17,13,23,15
2014/2/2,NOx,9,6.4,10,8.2,8.1,7,9.4,11,15,3.9,11,12,9.6,9.2,12,14,19,15,18,22,18,14,24,16
2014/2/2,O3,39,37,28,27,26,28,22,28,30,50,46,49,54,50,47,46,39,35,27,19,20,22,12,17
2014/2/2,PM10,37,45,30,17,9,9,19,17,26,22,24,21,39,52,57,42,29,28,27,35,28,31,41,44
2014/2/2,PM2.5,22,20,13,8,15,13,22,19,23,15,17,13,21,22,33,28,25,21,23,27,29,30,31,29
2014/2/2,RAINFALL,NR,NR,NR,NR,NR,NR,NR,NR,NR,NR,NR,NR,NR,NR,NR,NR,NR,NR,NR,NR,NR,NR,NR,NR
2014/2/2,RH,61,66,65,63,63,63,64,59,52,41,43,41,40,45,46,48,49,55,57,62,65,68,68,70
2014/2/2,SO2,1.5,1.3,1.4,1.4,1.3,1.3,1.4,1.6,2.2,2,3.2,4.5,4.4,4.4,5.6,5.4,5.6,4.9,4.9,3.7,2.8,2.5,2.7,2.7
2014/2/2,THC,1.8,1.8,1.9,1.9,1.9,1.8,1.8,1.8,1.8,1.7,1.8,1.8,1.8,1.8,1.8,1.8,1.8,1.8,1.9,1.9,1.9,1.9,2,1.9
2014/2/2,WD_HR,70,89,39,40,60,72,59,72,54,49,315,311,311,307,311,313,311,312,268,133,121,114,98,117
2014/2/2,WIND_DIREC,92,71,29,40,52,34,62,47,53,2.6,308,308,308,305,306,311,309,301,210,126,119,125,123,127
2014/2/2,WIND_SPEED,1.6,1,0.9,0.9,1.1,0.9,1.4,1.1,1.6,1.5,2.3,2.9,3,2.2,2.7,1.9,2.2,1.6,0.8,1.5,2,1.4,1.6,1.4
2014/2/2,WS_HR,1,1.3,0.5,0.4,0.6,0.8,1,1,1.1,0.8,1.7,2,2.6,2.3,2.1,2.1,2,1.7,0.2,1.1,1.3,1.8,0.4,1.4
2014/2/3,AMB_TEMP,20,19,19,19,19,18,18,19,21,23,25,26,26,26,26,25,25,23,22,22,21,20,19,19
2014/2/3,CH4,1.8,1.8,1.7,1.7,1.7,1.7,1.7,1.7,1.7,1.7,1.7,1.7,1.7,1.7,1.7,1.7,1.7,1.7,1.7,1.7,1.7,1.8,1.8,1.8
2014/2/3,CO,0.54,0.48,0.39,0.36,0.36,0.35,0.32,0.45,0.44,0.4,0.41,0.36,0.29,0.26,0.26,0.25,0.24,0.23,0.32,0.35,0.32,0.38,0.37,0.32
2014/2/3,NMHC,0.21,0.16,0.11,0.11,0.07,0.06,0.07,0.1,0.09,0.07,0.08,0.06,0.05,0.05,0.04,0.04,0.05,0.05,0.08,0.09,0.08,0.12,0.11,0.09
2014/2/3,NO,1.2,1.1,0.9,1.9,1.8,2,2,4.7,6.1,5.6,4.7,4.2,3.2,2.7,1.9,2.3,1.8,2.2,2,2,1.8,2.2,2.1,1.9
2014/2/3,NO2,19,17,13,10,8.8,9.2,9.1,9,10,11,9.9,9.7,8.3,7.3,6.8,6.8,6.7,6.5,10,12,11,13,13,10
2014/2/3,NOx,20,18,14,12,11,11,11,14,16,17,15,14,12,10,8.7,9.2,8.6,8.7,12,14,12,16,16,12
2014/2/3,O3,11,12,13,11,11,10,11,8.6,17,25,33,36,43,47,50,48,49,41,33,29,33,22,22,25
2014/2/3,PM10,57,45,60,46,35,10,2,11,22,43,54,46,39,43,59,50,47,39,40,29,26,27,30,37
2014/2/3,PM2.5,31,26,17,13,18,29,22,21,23,34,32,24,23,28,30,32,24,27,17,20,20,29,25,25
2014/2/3,RAINFALL,NR,NR,NR,NR,NR,NR,NR,NR,NR,NR,NR,NR,NR,NR,NR,NR,NR,NR,NR,NR,NR,NR,NR,NR
2014/2/3,RH,72,80,82,85,85,86,86,87,79,70,63,60,62,62,62,60,60,64,68,70,69,73,75,75
2014/2/3,SO2,2.6,1.7,1.5,1.5,1.9,1.7,2.7,2.5,5.5,8.8,5.6,4.6,4.1,3.7,3.4,4.2,3.3,2.5,2.5,2.6,2.7,2.5,2.3,2.4
2014/2/3,THC,2,1.9,1.8,1.8,1.8,1.8,1.8,1.8,1.8,1.8,1.8,1.8,1.8,1.8,1.8,1.7,1.7,1.7,1.8,1.8,1.8,1.9,1.9,1.8
2014/2/3,WD_HR,112,116,115,91,115,121,110,112,22,303,249,286,307,310,313,309,314,58,54,48,36,320,2,54
2014/2/3,WIND_DIREC,118,109,117,114,115,121,87,108,323,305,243,308,306,310,312,308,320,73,51,51,31,316,216,46
2014/2/3,WIND_SPEED,2.1,2,2,1.8,2.1,3,1.6,2,1.3,2.1,1.9,3,2.6,3.5,3.7,3.3,3.4,1.4,1.6,1.3,1.4,1.1,0.9,1.6
2014/2/3,WS_HR,1,2.3,1.9,1.2,1.9,2.7,2.1,2,0.6,0.9,0.9,1.6,2.1,2.7,3.2,2.8,2.4,0.6,1,0.8,0.7,1,0.1,0.7
2014/2/4,AMB_TEMP,18,18,17,17,17,16,16,16,16,18,19,20,21,22,22,21,19,18,18,17,16,15,15,15
2014/2/4,CH4,1.7,1.7,1.7,1.8,1.8,1.8,1.8,1.8,1.7,1.7,1.8,1.7,1.7,1.8,1.8,1.8,1.8,1.8,1.8,1.8,1.8,1.8,1.8,1.8
2014/2/4,CO,0.29,0.27,0.31,0.38,0.47,0.43,0.39,0.36,0.35,0.35,0.35,0.35,0.36,0.35,0.37,0.39,0.44,0.48,0.48,0.51,0.53,0.49,0.48,0.49
2014/2/4,NMHC,0.06,0.05,0.04,0.05,0.05,0.04,0.04,0.04,0.04,0.05,0.05,0.04,0.05,0.05,0.05,0.05,0.07,0.08,0.08,0.09,0.11,0.09,0.09,0.09
2014/2/4,NO,1.8,1.7,1.9,0.9,0.7,1.2,0.9,1.1,1.1,1.3,1.5,1.2,1.3,1.1,1.3,1.4,1.5,1.2,1,1.3,1.2,1.1,1.1,1.2
2014/2/4,NO2,7.3,5,4.4,4.3,4.7,4,3.5,3.4,3.4,3.6,3.4,3.5,3.8,4,4.4,4.5,5.8,7.7,7.1,8.4,12,12,11,11
2014/2/4,NOx,9.1,6.7,6.3,5.2,5.4,5.2,4.4,4.4,4.6,4.9,4.8,4.6,5.1,5.1,5.6,5.9,7.3,8.9,8.2,9.7,13,13,12,12
2014/2/4,O3,29,32,33,37,39,41,39,37,36,35,37,40,44,49,52,51,44,38,37,29,22,20,19,16
2014/2/4,PM10,37,40,40,36,37,32,25,19,15,15,6,7,18,40,45,33,29,25,25,11,10,20,22,15
2014/2/4,PM2.5,22,27,22,31,32,35,25,14,7,0,2,7,11,7,8,12,15,17,9,11,5,7,5,9
2014/2/4,RAINFALL,NR,NR,NR,NR,NR,NR,NR,NR,NR,NR,NR,NR,NR,NR,NR,NR,NR,NR,NR,0.4,3,0.8,1.6,NR
2014/2/4,RH,76,78,80,81,81,80,79,78,74,68,64,61,57,55,54,56,63,67,69,74,83,89,91,92
2014/2/4,SO2,2.2,1.3,1.1,1,1.1,1,1,0.9,1.1,1.2,1.4,1.5,1.9,1.4,1.4,1.3,1.3,1.2,1.2,1.2,1.3,1.5,1.3,1.6
2014/2/4,THC,1.8,1.8,1.8,1.8,1.8,1.8,1.8,1.8,1.8,1.8,1.8,1.8,1.8,1.8,1.8,1.8,1.8,1.9,1.9,1.9,1.9,1.9,1.9,1.9
2014/2/4,WD_HR,53,57,78,76,66,64,76,68,74,66,47,49,310,316,347,359,336,340,62,303,291,314,302,300
2014/2/4,WIND_DIREC,52,59,84,79,69,69,67,63,103,66,326,1.1,307,338,91,298,41,333,61,297,289,310,305,313
2014/2/4,WIND_SPEED,1.1,1.5,2.7,2.8,3,3.2,3.1,3.4,2.9,2.8,2.3,2,2.5,2.9,2.7,2.9,1.7,2.4,1.5,1.1,1.7,1.5,1,1.9
2014/2/4,WS_HR,0.9,1,1.1,1.7,1.9,2.3,1.7,2.1,1.8,1.6,1,1,1.3,1.3,0.4,0.2,0.6,0.6,0.8,1.2,0.9,1.4,1,1.2
2014/2/5,AMB_TEMP,15,15,15,14,14,15,15,16,16,18,19,20,21,21,21,20,19,19,19,18,18,18,17,18
2014/2/5,CH4,1.8,1.8,1.8,1.8,1.8,1.8,1.8,1.8,1.8,1.8,1.8,1.8,1.8,1.8,1.7,1.7,1.7,1.7,1.7,1.8,1.8,1.8,1.8,1.8
2014/2/5,CO,0.48,0.46,0.43,0.37,0.34,0.34,0.37,0.52,0.55,0.6,0.58,0.5,0.6,0.41,0.35,0.38,0.37,0.38,0.49,0.42,0.48,0.52,0.46,0.43
2014/2/5,NMHC,0.09,0.1,0.1,0.08,0.07,0.07,0.07,0.12,0.17,0.2,0.21,0.22,0.26,0.17,0.14,0.14,0.15,0.15,0.22,0.18,0.19,0.2,0.17,0.16
2014/2/5,NO,1.5,1.4,1.2,0.9,1.2,1.2,1.1,2.7,6.9,7.8,4.8,7.5,4.9,5.1,4.2,3,2.4,1.5,1.2,1.4,1.4,3.3,2.7,1.5
2014/2/5,NO2,14,11,7.5,8.5,8.8,7.3,4.9,11,16,15,14,15,20,17,16,18,20,18,21,20,18,15,12,11
2014/2/5,NOx,15,12,8.7,9.4,10,8.5,6,14,23,23,18,23,25,22,20,21,22,19,22,21,19,19,15,12
2014/2/5,O3,14,13,14,16,17,17,21,15,11,14,18,21,33,34,33,35,29,28,19,18,10,3.6,4.7,4.8
2014/2/5,PM10,10,5,5,0,0,0,7,10,20,13,10,11,27,31,33,30,33,49,51,52,42,34,47,33
2014/2/5,PM2.5,6,6,4,4,0,0,0,2,2,2,8,8,8,20,28,36,23,21,25,16,19,17,18,12
2014/2/5,RAINFALL,3.2,0.8,NR,0.8,0.6,NR,0.8,NR,NR,NR,0.2,NR,NR,NR,NR,NR,NR,NR,NR,NR,NR,NR,NR,NR
2014/2/5,RH,93,94,94,94,96,95,92,90,92,90,87,83,77,76,75,79,81,84,85,87,89,90,91,91
2014/2/5,SO2,2.8,1.1,1.1,1.4,1.2,1,1.1,1.5,3.1,1.7,1.8,2.4,2.5,2.7,2.7,3.6,3.9,2.6,2.4,2.6,1.9,1.8,1.7,1.7
2014/2/5,THC,1.9,1.9,1.9,1.9,1.8,1.8,1.8,1.9,2,2,2,2,2,1.9,1.9,1.9,1.9,1.9,2,1.9,1.9,2,1.9,1.9
2014/2/5,WD_HR,306,331,318,311,16,2.6,75,35,299,18,323,287,271,301,295,312,312,318,319,3,120,118,104,109
2014/2/5,WIND_DIREC,284,324,328,51,322,328,69,332,282,331,290,274,319,309,295,317,299,20,348,49,122,120,94,114
2014/2/5,WIND_SPEED,0.8,1.5,1.3,1.4,1.5,1.1,2.2,1.5,0.9,1,1.7,1.7,1.7,1.9,2.6,1.9,1.9,0.8,0.9,0.9,0.9,1.3,1.1,1.4
2014/2/5,WS_HR,0.7,0.8,0.6,1.2,0.5,0.6,1.6,0.7,0.8,0.4,0.5,1.2,1,1.6,2.3,1.8,2.3,0.8,0.5,0.4,0.6,0.9,1,0.9
2014/2/6,AMB_TEMP,17,17,18,17,17,17,17,17,18,20,21,22,23,22,23,23,21,21,21,20,20,21,20,20
2014/2/6,CH4,1.8,1.8,1.8,1.8,1.8,1.7,1.7,1.8,1.7,1.8,1.8,1.8,1.8,1.8,1.8,1.8,1.8,1.9,1.9,1.9,1.9,1.9,1.9,1.9
2014/2/6,CO,0.41,0.42,0.37,0.36,0.24,0.19,0.22,0.3,0.29,0.31,0.37,0.41,0.45,0.39,0.4,0.43,0.52,0.6,0.87,0.86,0.91,1.01,1.07,0.8
2014/2/6,NMHC,0.15,0.16,0.13,0.16,0.09,0.04,0.05,0.09,0.09,0.09,0.09,0.13,0.18,0.17,0.17,0.23,0.34,0.29,0.46,0.49,0.49,0.51,0.56,0.34
2014/2/6,NO,1.5,1.5,1.1,1.8,1.8,1.3,1.4,1.5,2.6,2.8,2.1,1.6,2.9,11,1.3,2,9.8,5.6,13,17,17,18,26,7.3
2014/2/6,NO2,9.4,9.3,8.8,12,9.7,6.4,6.2,7.9,8.2,5.9,6.1,7.7,14,21,13,19,30,31,34,34,31,28,29,25
2014/2/6,NOx,11,11,9.9,14,11,7.7,7.5,9.4,11,8.6,8.2,9.3,16,32,14,21,40,36,46,51,47,46,54,32
2014/2/6,O3,4.8,3.6,7.5,5.8,15,22,22,19,18,25,39,44,41,20,54,33,5.4,3.3,0.4,0.1,0.3,1.5,0.3,1.7
2014/2/6,PM10,44,44,55,51,42,25,15,10,12,8,7,32,47,77,77,67,73,66,73,77,73,82,83,93
2014/2/6,PM2.5,13,22,29,21,21,14,16,6,11,10,14,8,23,21,29,29,34,39,40,52,50,50,40,43
2014/2/6,RAINFALL,NR,NR,NR,NR,NR,NR,NR,NR,NR,NR,NR,NR,NR,NR,NR,NR,NR,NR,NR,NR,NR,NR,NR,NR
2014/2/6,RH,92,93,94,95,97,97,95,92,89,81,74,71,71,76,70,74,81,84,84,85,87,87,89,89
2014/2/6,SO2,1.5,1.7,1.7,1.7,1.6,1.5,1.6,1.6,1.7,2.1,3.6,4.1,4.4,4.4,1.9,3.3,3.8,3.3,3.2,2.9,2.5,3.1,3,2.9
2014/2/6,THC,1.9,2,1.9,2,1.9,1.8,1.8,1.8,1.8,1.8,1.9,1.9,2,2,1.9,2,2.2,2.1,2.3,2.4,2.4,2.4,2.5,2.2
2014/2/6,WD_HR,146,120,104,327,331,342,53,346,70,51,54,342,306,307,283,298,308,308,207,298,116,207,100,104
2014/2/6,WIND_DIREC,113,118,319,334,59,33,328,43,102,54,56,24,315,279,284,297,299,274,37,306,100,157,41,123
2014/2/6,WIND_SPEED,1.1,1.6,1.2,1.1,1.5,1.4,1.2,1.4,1.7,1.6,1.4,0.8,3,1.5,2.3,2.4,1.7,0.7,0.6,0.8,1,0.9,1.2,1
2014/2/6,WS_HR,0.8,1.4,0.7,0.8,0.5,0.5,0.8,0.4,0.7,1.3,0.9,0.7,1.6,1.9,1.6,1.8,1.4,1.1,0.1,0.6,0.7,0.7,0.6,0.5
2014/2/7,AMB_TEMP,20,19,19,19,19,19,19,18,18,19,19,19,19,20,20,22,21,19,19,18,19,19,19,19
2014/2/7,CH4,1.8,1.9,1.8,1.8,1.8,1.8,1.9,1.9,1.8,1.7,1.7,1.7,1.7,1.7,1.7,1.7,1.7,1.7,1.7,1.7,1.7,1.7,1.7,1.7
2014/2/7,CO,0.62,0.45,0.38,0.32,0.33,0.39,0.6,0.74,0.44,0.34,0.31,0.27,0.28,0.29,0.34,0.4,0.41,0.37,0.4,0.32,0.31,0.25,0.28,0.35
2014/2/7,NMHC,0.25,0.21,0.19,0.16,0.15,0.16,0.26,0.35,0.18,0.13,0.14,0.11,0.11,0.11,0.18,0.23,0.24,0.16,0.19,0.12,0.12,0.08,0.08,0.12
2014/2/7,NO,3.8,7,0.5,1.5,1.6,1.9,5.6,23,12,3.1,3.6,3.1,2.9,3.1,4.2,3.8,3.4,4.1,2,1.7,1.7,1.3,1.2,1.3
2014/2/7,NO2,19,23,15,13,12,11,15,18,19,12,13,11,13,14,17,14,20,26,19,15,12,7.9,8.1,11
2014/2/7,NOx,23,30,16,14,13,13,21,42,31,15,16,15,16,17,21,18,23,30,21,17,14,9.2,9.3,12
2014/2/7,O3,3.8,5.9,11,8.3,9.5,9.6,2.8,1.1,8.3,18,20,23,23,24,23,36,27,13,13,14,18,23,21,15
2014/2/7,PM10,92,90,66,45,41,47,65,55,57,48,40,40,32,48,48,52,70,77,79,57,44,33,26,35
2014/2/7,PM2.5,46,44,38,36,23,19,7,21,20,25,16,18,20,25,24,25,27,24,23,20,28,41,34,39
2014/2/7,RAINFALL,NR,NR,NR,NR,NR,NR,NR,NR,NR,NR,NR,NR,NR,NR,NR,NR,NR,NR,NR,NR,NR,NR,NR,NR
2014/2/7,RH,89,92,92,94,94,94,94,96,97,91,89,89,89,85,81,72,78,88,89,89,87,86,86,87
2014/2/7,SO2,2.4,4.1,2.5,1.8,1.8,1.7,1.9,2.2,2.6,2.6,2.7,2.5,2.2,2.7,2.8,2.6,2.8,3.9,2.5,2.4,1.9,1.8,1.7,2.4
2014/2/7,THC,2.1,2.1,2,2,1.9,1.9,2.1,2.3,2,1.8,1.8,1.8,1.8,1.8,1.9,1.9,2,1.9,1.9,1.8,1.8,1.8,1.8,1.9
2014/2/7,WD_HR,113,345,352,319,109,158,154,310,65,22,305,296,327,273,207,220,305,326,324,0.6,346,21,65,359
2014/2/7,WIND_DIREC,316,48,311,314,106,264,115,305,80,313,303,307,89,287,132,278,318,331,315,53,49,64,48,333
2014/2/7,WIND_SPEED,1.8,0.9,1.2,1.1,1.1,0.5,1.2,1.3,1.3,1.6,1.5,2.1,1.4,1.6,3,1.8,3,1,2.3,1.2,1.4,1.2,1.2,1.4
2014/2/7,WS_HR,0.5,0.8,0.3,0.7,1,0.2,0.8,1,1.1,0.2,1.6,1.7,0.8,0.2,0.4,1.3,2.4,1.1,0.9,0.5,0.6,0.6,1.1,0.5
2014/2/8,AMB_TEMP,18,18,17,17,16,16,15,15,15,17,18,18,18,17,18,18,17,15,15,15,14,15,14,14
2014/2/8,CH4,1.7,1.7,1.8,1.8,1.8,1.7,1.7,1.8,1.8,1.8,1.8,1.8,1.8,1.7,1.7,1.7,1.7,1.7,1.7,1.7,1.7,1.7,1.8,1.8
2014/2/8,CO,0.34,0.27,0.28,0.29,0.27,0.25,0.27,0.3,0.31,0.36,0.36,0.33,0.32,0.33,0.36,0.33,0.32,0.33,0.36,0.33,0.32,0.33,0.34,0.36
2014/2/8,NMHC,0.11,0.1,0.11,0.12,0.11,0.07,0.07,0.08,0.08,0.13,0.13,0.11,0.08,0.09,0.11,0.12,0.07,0.07,0.08,0.06,0.06,0.07,0.08,0.1
2014/2/8,NO,1.6,1.2,1.5,1.7,1.5,1.5,1.5,1.9,3.9,6.9,8.2,4.6,2.9,2.8,4.3,3.4,4.9,1.8,1.6,1.6,1.5,1.2,2.1,1.7
2014/2/8,NO2,11,8.8,10,10,11,8.1,7.3,7.9,7.6,8.8,11,7.1,7.2,9.2,10,7.5,9,6.9,8.3,7.4,6.7,7.2,10,11
2014/2/8,NOx,13,10,12,12,13,9.6,8.8,9.8,12,16,19,12,10,12,15,11,14,8.7,9.9,9,8.1,8.4,12,13
2014/2/8,O3,11,12,7.9,8.4,11,14,13,13,14,12,14,21,21,18,19,23,22,22,18,18,18,17,12,8.8
2014/2/8,PM10,40,50,38,33,17,9,6,13,13,12,4,12,14,17,16,26,25,27,22,22,25,16,11,11
2014/2/8,PM2.5,32,35,25,13,12,7,7,6,7,9,6,6,4,6,7,15,12,7,0,3,5,9,4,8
2014/2/8,RAINFALL,NR,NR,NR,NR,NR,NR,NR,NR,NR,NR,NR,NR,NR,0.2,NR,NR,NR,NR,NR,NR,NR,1,4.8,4.8
2014/2/8,RH,89,90,92,92,92,91,90,88,84,78,74,72,72,79,77,73,75,79,80,81,81,82,87,91
2014/2/8,SO2,2.8,1.4,1.2,1,1,0.9,0.9,1,1.1,1.6,3.1,1.4,1.2,1.2,2,1.5,1.2,1,1.1,1,1,1,2.3,1.4
2014/2/8,THC,1.9,1.8,1.9,1.9,1.9,1.8,1.8,1.8,1.8,1.9,1.9,1.9,1.8,1.8,1.9,1.9,1.8,1.8,1.8,1.8,1.8,1.8,1.8,1.9
2014/2/8,WD_HR,357,344,47,49,311,76,55,72,75,27,310,307,76,65,323,312,66,58,66,72,68,52,319,296
2014/2/8,WIND_DIREC,334,325,52,54,74,77,116,69,75,42,319,309,46,67,305,307,56,55,70,80,71,67,174,299
2014/2/8,WIND_SPEED,1.4,1.6,1.2,1.5,1.9,2.5,1.7,2.7,2,1.8,3.4,2.4,2.1,1.4,2.5,3.3,3.3,2.1,2.8,2.3,2.3,1.8,1.6,3.5
2014/2/8,WS_HR,0.6,0.5,0.6,0.8,0.4,1,1.1,1.4,1.7,0.7,2,1.9,1.2,1.1,1,2.8,2,1.9,1.5,1.6,1.3,0.9,0.8,0.9
2014/2/9,AMB_TEMP,14,14,14,14,14,14,14,15,14,13,14,14,14,14,14,13,13,13,12,12,11,11,11,11
2014/2/9,CH4,1.8,1.8,1.8,1.8,1.8,1.8,1.8,1.8,1.8,1.8,1.8,1.8,1.8,1.8,1.8,1.8,1.8,1.8,1.8,1.8,1.8,1.8,1.8,1.8
2014/2/9,CO,0.35,0.32,0.32,0.3,0.3,0.31,0.32,0.4,0.4,0.36,0.33,0.39,0.38,0.4,0.39,0.4,0.39,0.39,0.38,0.39,0.36,0.35,0.34,0.34
2014/2/9,NMHC,0.09,0.09,0.09,0.08,0.07,0.07,0.05,0.09,0.08,0.09,0.06,0.09,0.08,0.09,0.11,0.1,0.08,0.07,0.07,0.06,0.05,0.05,0.05,0.05
2014/2/9,NO,1.7,1.4,1.7,1.6,1.4,1.5,1.3,1.7,2.3,5,2.9,3.2,5.3,3.3,6.4,3.3,5.7,1.5,1.4,1.5,1.7,1.5,1.3,1.3
2014/2/9,NO2,13,11,9.4,8.8,6.2,5.6,5.4,7,11,10,7.3,9.9,12,12,15,12,12,8.9,8.3,8.3,6.7,5.8,5.6,4.1
2014/2/9,NOx,15,13,11,10,7.7,7.1,6.8,8.7,13,15,10,13,18,15,21,15,18,10,9.7,9.7,8.3,7.4,6.9,5.4
2014/2/9,O3,9.4,12,12,15,16,19,22,20,18,20,22,19,18,19,17,19,23,27,27,26,31,31,32,33
2014/2/9,PM10,12,17,8,7,2,0,0,1,1,1,0,1,1,1,0,0,9,9,9,0,4,8,8,11
2014/2/9,PM2.5,4,6,0,0,0,7,7,5,7,10,10,3,0,0,11,12,12,2,6,6,4,0,1,0
2014/2/9,RAINFALL,4.6,8.2,2.4,1.8,NR,NR,NR,NR,0.6,3.2,1.6,NR,NR,NR,NR,NR,NR,0.6,0.6,NR,2.2,2.2,3,NR
2014/2/9,RH,93,95,96,96,95,92,91,88,91,92,91,89,91,91,91,91,89,88,88,89,89,88,88,83
2014/2/9,SO2,1.9,1.6,1.5,1.5,1.4,1.5,1.4,1.5,2.1,1.7,1.5,1.9,1.6,1.7,1.6,1.4,1.5,1.4,1.4,1.4,1.4,1.4,1.5,1.5
2014/2/9,THC,1.9,1.9,1.9,1.9,1.8,1.8,1.8,1.9,1.9,1.9,1.8,1.9,1.9,1.9,1.9,1.9,1.9,1.8,1.8,1.8,1.8,1.8,1.8,1.8
2014/2/9,WD_HR,359,339,316,339,60,315,75,80,308,62,78,37,40,348,61,52,59,64,60,62,61,60,59,56
2014/2/9,WIND_DIREC,316,91,348,87,56,91,75,283,327,75,75,312,34,58,73,312,60,62,65,102,79,71,55,54
2014/2/9,WIND_SPEED,2.2,1.2,1,1.5,2.5,1.6,2.5,1.6,1.5,2.1,2.5,2.6,1.4,1.9,2.4,2.6,3.9,2.8,1.9,2.2,3.3,3,6,2.7
2014/2/9,WS_HR,0.3,0.7,1,0.6,2.1,0.5,2.5,0.7,1.2,0.9,2.2,0.9,0.5,0.8,1.9,1.2,2.5,1.5,1.7,1.6,2.5,1.9,3.3,4
2014/2/10,AMB_TEMP,11,10,10,10,9.6,9.3,9.2,8.8,9.1,8.8,8.9,8.8,8.5,8.1,7.7,7.7,7.6,7.5,7.3,7.3,7.4,7.5,7.5,7.5
2014/2/10,CH4,1.8,1.8,1.8,1.8,1.8,1.8,1.8,1.8,1.8,1.8,1.8,1.8,1.8,1.8,1.8,1.8,1.8,1.8,1.8,1.8,1.8,1.8,1.8,1.8
2014/2/10,CO,0.37,0.39,0.41,0.42,0.36,0.35,0.34,0.38,0.35,0.35,0.33,0.31,0.31,0.29,0.28,0.29,0.31,0.33,0.33,0.33,0.35,0.33,0.29,0.27
2014/2/10,NMHC,0.05,0.05,0.05,0.05,0.05,0.05,0.04,0.06,0.06,0.12,0.16,0.12,0.1,0.1,0.11,0.12,0.14,0.11,0.12,0.1,0.1,0.09,0.08,0.07
2014/2/10,NO,1.5,1.5,1.3,1.2,1.1,1.3,0.9,1.3,1.6,1.9,2.2,2.2,2.1,2.1,2.3,1.9,2,1.7,1.5,1.5,1.6,1.5,1.1,1.2
2014/2/10,NO2,4,3.7,3.3,2.8,3,3.1,2.8,5.7,4.4,7.5,8.3,8.7,8.5,8.5,8.6,8.3,9.8,9.9,11,8.5,8.1,7.1,5.9,5.4
2014/2/10,NOx,5.5,5.2,4.6,4,4.2,4.4,3.7,7,6,9.4,11,11,11,11,11,10,12,12,12,9.9,9.7,8.6,7.1,6.6
2014/2/10,O3,33,35,37,35,33,31,33,29,30,26,26,26,26,25,25,24,21,22,21,23,22,24,26,27
2014/2/10,PM10,11,12,5,0,1,1,3,2,3,14,14,14,15,15,22,8,17,9,16,12,12,16,11,20
2014/2/10,PM2.5,0,0,4,4,8,9,13,10,4,0,5,5,5,4,3,11,7,15,8,19,10,9,3,3
2014/2/10,RAINFALL,0.8,NR,1,0.2,NR,NR,NR,NR,NR,NR,NR,NR,NR,NR,NR,NR,NR,NR,NR,NR,NR,NR,NR,NR
2014/2/10,RH,88,89,87,86,88,88,84,85,83,84,84,83,84,84,87,85,86,84,86,86,85,84,84,85
2014/2/10,SO2,1.5,0.8,0.8,0.8,1,0.9,0.9,1,1,1.1,1.2,1.3,1.2,1.3,1.3,1.2,1.3,1.4,1.3,1.4,1.3,1.3,1.4,1.4
2014/2/10,THC,1.8,1.8,1.8,1.8,1.8,1.8,1.8,1.8,1.8,1.9,1.9,1.9,1.9,1.9,1.9,1.9,1.9,1.9,1.9,1.9,1.9,1.9,1.8,1.8
2014/2/10,WD_HR,65,61,60,79,85,71,58,62,55,72,78,84,83,77,69,72,65,67,64,66,55,59,69,64
2014/2/10,WIND_DIREC,97,54,57,103,95,60,86,59,67,70,66,79,80,66,76,70,60,70,70,89,314,110,70,72
2014/2/10,WIND_SPEED,1.6,3.5,7.1,3.5,2.5,3.9,2.3,3.7,3.1,2.9,3.1,3,2.6,2.8,2.2,2.1,3,2.2,2.1,2,1.9,2,1.9,2.2
2014/2/10,WS_HR,0.9,1.3,3.6,1.4,1.4,1.9,3.5,2.8,3.3,1.8,1.7,1.4,1.2,1.4,1.5,1,1.2,0.8,1.2,0.8,0.9,0.5,0.9,0.5
2014/2/11,AMB_TEMP,7.4,7.7,7.2,7.1,6.9,6.7,7.1,7,6.9,6.9,7.2,7.6,7.6,7.7,7.9,7.9,7.7,7.6,7.7,7.9,8,8.2,8.4,8.4
2014/2/11,CH4,1.8,1.8,1.8,1.8,1.8,1.8,1.8,1.8,1.8,1.8,1.8,1.8,1.8,1.8,1.8,1.8,1.8,1.8,1.8,1.8,1.8,1.8,1.8,1.8
2014/2/11,CO,0.25,0.24,0.24,0.24,0.25,0.25,0.25,0.32,0.31,0.31,0.31,0.32,0.32,0.32,0.32,0.32,0.33,0.38,0.33,0.3,0.3,0.28,0.29,0.29
2014/2/11,NMHC,0.06,0.05,0.05,0.05,0.05,0.05,0.05,0.07,0.08,0.09,0.09,0.1,0.1,0.12,0.12,0.13,0.13,0.13,0.1,0.08,0.08,0.07,0.08,0.08
2014/2/11,NO,1.3,1.2,1.2,0.9,1.1,1.3,1.1,1.4,1.6,1.9,2.2,2.6,2.8,2.8,2.9,2.8,1.7,1.8,1.2,1.2,0.8,0.9,0.8,0.9
2014/2/11,NO2,4.6,3.5,3.4,3.1,3.4,4,3.7,5.9,7.2,8,7.8,8.1,8.7,8.9,9.6,10,10,12,8.7,7.1,6.7,6.1,5.8,6.2
2014/2/11,NOx,5.9,4.7,4.6,4,4.5,5.2,4.8,7.3,8.9,9.8,10,11,12,12,12,13,12,13,9.9,8.2,7.5,7,6.6,7.1
2014/2/11,O3,30,32,31,32,31,31,32,28,26,26,26,26,25,24,23,21,20,18,21,24,24,24,23,22
2014/2/11,PM10,11,18,17,16,9,14,15,17,25,30,37,26,29,24,22,20,20,20,18,12,7,10,11,17
2014/2/11,PM2.5,4,0,2,1,11,13,13,15,17,23,20,15,12,9,6,4,4,6,6,7,8,8,13,4
2014/2/11,RAINFALL,NR,NR,NR,NR,NR,NR,NR,NR,NR,NR,NR,NR,NR,NR,NR,NR,NR,NR,NR,NR,NR,NR,NR,NR
2014/2/11,RH,84,80,84,84,85,85,80,80,82,82,79,78,78,79,79,77,78,80,78,77,77,76,76,79
2014/2/11,SO2,1.4,1,1.1,1.1,1.2,1.4,1.3,1.3,1.4,1.5,1.5,1.4,1.4,1.4,1.4,1.1,-0.2,0.3,0.2,0.1,0.2,0.2,0.2,0.2
2014/2/11,THC,1.8,1.8,1.8,1.8,1.8,1.8,1.8,1.8,1.8,1.9,1.9,1.9,1.9,1.9,1.9,1.9,1.9,1.9,1.9,1.8,1.8,1.8,1.8,1.8
2014/2/11,WD_HR,60,58,71,60,75,68,56,61,78,74,72,71,312,64,66,63,64,72,66,65,69,65,65,67
2014/2/11,WIND_DIREC,59,63,63,60,83,60,56,90,283,133,62,72,297,65,54,57,72,84,78,60,88,75,45,71
2014/2/11,WIND_SPEED,4.2,2.1,3.1,3.1,3.3,3.1,3.4,2.4,2.6,2,2.8,2.6,2.1,2.6,2.6,2.9,1.6,2.6,2.1,2.2,2.2,2.2,1.7,2.6
2014/2/11,WS_HR,2.2,2.6,1.4,2.3,1.4,1.8,3.2,1.3,0.7,0.9,1.5,0.7,0.7,0.5,0.9,1.5,1.2,1,1.3,1.4,1.4,1.5,1.2,1
2014/2/12,AMB_TEMP,8.7,8.9,9.4,9.4,9.6,9.9,9.7,10,11,12,14,15,16,17,16,15,14,13,12,13,12,12,13,13
2014/2/12,CH4,1.8,1.8,1.8,1.7,1.8,1.7,1.8,1.8,1.8,1.8,1.8,1.8,1.8,1.8,1.8,1.8,1.8,1.8,1.8,1.8,1.8,1.8,1.8,1.8
2014/2/12,CO,0.29,0.28,0.27,0.27,0.3,0.29,0.32,0.33,0.35,0.34,0.34,0.36,0.36,0.33,0.32,0.31,0.33,0.48,0.32,0.31,0.33,0.35,0.33,0.32
2014/2/12,NMHC,0.07,0.06,0.05,0.05,0.04,0.04,0.05,0.05,0.07,0.08,0.09,0.11,0.09,0.09,0.11,0.15,0.13,0.18,0.12,0.11,0.11,0.11,0.11,0.11
2014/2/12,NO,1,0.8,0.7,1.5,1,1.2,1.3,1.5,2.2,2.6,2.9,3.8,3.5,2.7,2.7,3,2.5,2.3,1.6,1.5,1.4,1.7,1.4,1.4
2014/2/12,NO2,5,4.5,3.8,1.9,2.1,1.9,4.1,3.6,5.3,4.9,5.1,6.8,5.6,5.5,8.6,11,13,14,11,8.2,9.7,9.5,9.7,8.4
2014/2/12,NOx,6,5.3,4.5,3.4,3.1,3.1,5.4,5.1,7.6,7.6,8,11,9,8.2,11,14,15,16,12,9.7,11,11,11,9.8
2014/2/12,O3,23,25,25,26,28,28,24,26,24,25,28,25,32,38,37,31,26,27,23,23,20,18,15,15
2014/2/12,PM10,8,12,6,6,3,5,9,5,10,14,17,20,19,27,33,31,41,63,65,48,9,7,12,20
2014/2/12,PM2.5,12,7,7,1,0,0,1,4,6,4,1,6,9,9,6,14,14,78,45,37,13,12,5,11
2014/2/12,RAINFALL,NR,NR,NR,NR,NR,NR,NR,NR,NR,NR,NR,NR,NR,NR,NR,NR,NR,NR,NR,NR,NR,NR,NR,NR
2014/2/12,RH,78,78,76,77,78,77,78,77,74,72,66,68,63,63,67,72,79,83,85,83,87,87,86,85
2014/2/12,SO2,0.3,1.1,1.1,1.1,1,1,1,1,1.3,1,1.3,1.4,1.9,1.6,1.8,1.9,1.8,1.8,1.5,1.7,1.7,1.9,1.3,2
2014/2/12,THC,1.8,1.8,1.8,1.8,1.8,1.8,1.8,1.8,1.8,1.8,1.8,1.9,1.8,1.8,1.9,1.9,1.9,2,1.9,1.9,1.9,1.9,1.9,1.9
2014/2/12,WD_HR,58,71,60,59,65,74,66,65,72,69,55,340,316,310,63,98,91,24,69,50,338,32,23,8.3
2014/2/12,WIND_DIREC,66,84,40,75,59,359,64,60,87,63,316,71,317,308,94,82,103,333,81,29,357,48,50,79
2014/2/12,WIND_SPEED,1.8,2.7,2,1.6,1.5,1.2,2.7,2,2.5,2.2,3.9,2.4,3.8,3.8,3.2,2.4,2.4,2,2.5,1.5,1.2,1,1.4,2
2014/2/12,WS_HR,0.8,1.8,1.3,0.9,1.1,0.9,1.2,1.5,1.2,1.4,1.2,0.9,2.3,2.8,0.7,0.9,0.9,0.8,1.1,1.1,0.7,0.7,0.5,0.7
2014/2/13,AMB_TEMP,13,13,13,13,13,14,13,13,13,14,14,14,15,14,14,14,13,12,12,12,12,11,11,11
2014/2/13,CH4,1.8,1.8,1.8,1.8,1.8,1.8,1.8,1.8,1.8,1.7,1.7,1.7,1.7,1.7,1.7,1.7,1.7,1.7,1.7,1.7,1.7,1.7,1.7,1.7
2014/2/13,CO,0.3,0.31,0.33,0.32,0.31,0.3,0.28,0.28,0.37,0.26,0.24,0.26,0.26,0.24,0.24,0.24,0.26,0.32,0.29,0.29,0.29,0.27,0.25,0.25
2014/2/13,NMHC,0.09,0.11,0.13,0.13,0.11,0.11,0.09,0.08,0.15,0.11,0.09,0.09,0.08,0.09,0.11,0.1,0.11,0.12,0.1,0.09,0.09,0.07,0.06,0.06
2014/2/13,NO,1.5,1.5,1.3,1.1,1.3,1.3,1.7,1.9,2.4,2.5,2.2,2.3,3,2.4,1.7,1.7,1.4,1.2,1.3,0.9,1,1.1,1,1
2014/2/13,NO2,6.4,6.6,7.3,7.3,6.5,6.8,7.9,6.9,12,7.3,5.8,7.2,7.6,8.5,8,7.8,8,11,9.7,8.1,7.3,6.2,5.8,5.3
2014/2/13,NOx,7.8,8,8.7,8.3,7.8,8.1,9.6,8.8,15,9.8,8,9.5,11,11,9.6,9.4,9.4,12,11,8.9,8.3,7.2,6.8,6.3
2014/2/13,O3,15,12,9.4,9.4,14,13,22,26,21,27,32,34,34,36,36,35,34,30,30,30,30,32,32,32
2014/2/13,PM10,20,22,23,28,19,11,1,1,2,5,5,10,12,12,16,20,29,17,9,4,4,9,10,10
2014/2/13,PM2.5,8,8,4,10,10,5,1,3,4,1,0,4,10,10,17,14,19,11,16,21,21,21,19,19
2014/2/13,RAINFALL,NR,NR,NR,NR,NR,NR,1.2,0.2,0.6,NR,NR,NR,NR,NR,NR,NR,NR,NR,NR,NR,NR,NR,NR,NR
2014/2/13,RH,85,85,86,87,84,84,86,87,88,88,85,85,83,83,84,84,85,86,88,88,87,86,88,88
2014/2/13,SO2,1.3,1.5,1.4,1.3,1.2,1.2,1.5,1.3,1.3,1.3,1.4,1.5,1.4,1.5,1.5,1.4,1.7,2,1.4,1.4,1.3,1.3,1.4,1.3
2014/2/13,THC,1.8,1.9,1.9,1.9,1.9,1.9,1.9,1.8,1.9,1.9,1.8,1.8,1.8,1.8,1.8,1.8,1.8,1.9,1.8,1.8,1.8,1.8,1.8,1.8
2014/2/13,WD_HR,96,9.9,22,48,41,50,72,57,29,55,320,63,344,81,68,59,74,70,78,73,66,75,74,66
2014/2/13,WIND_DIREC,113,182,307,19,330,58,63,55,54,59,54,57,91,88,84,345,81,70,81,71,65,66,82,77
2014/2/13,WIND_SPEED,1.2,0.9,0.9,0.7,1.3,1.5,2.6,2.6,1.8,1.6,2.2,2.7,2.9,2.7,2,1.8,2.8,2.1,1.8,1.7,2.9,2.4,2.4,2.2
2014/2/13,WS_HR,1.5,0,0.3,0.6,0.6,0.5,1.2,2.5,0.7,0.6,0.5,1.4,0.5,1.4,1.1,0.8,0.9,1.2,0.9,0.6,1.2,1.1,1.1,0.5
2014/2/14,AMB_TEMP,11,11,11,11,10,10,9.9,10,10,10,10,12,13,12,11,11,11,11,11,11,11,11,11,11
2014/2/14,CH4,1.7,1.7,1.8,1.7,1.8,1.8,1.8,1.8,1.8,1.8,1.8,1.8,1.8,1.8,1.8,1.8,1.8,1.8,1.8,1.8,1.8,1.8,1.8,1.8
2014/2/14,CO,0.24,0.23,0.23,0.22,0.23,0.23,0.26,0.32,0.3,0.31,0.32,0.34,0.3,0.29,0.29,0.28,0.33,0.37,0.35,0.33,0.32,0.31,0.3,0.27
2014/2/14,NMHC,0.05,0.05,0.05,0.05,0.06,0.05,0.06,0.08,0.09,0.1,0.14,0.12,0.08,0.09,0.1,0.1,0.13,0.12,0.12,0.11,0.12,0.1,0.09,0.08
2014/2/14,NO,1.1,0.9,1,0.7,1.2,0.8,1,1.2,1.2,1.6,1.8,2.9,2.8,2.1,2,1.5,1.6,1.8,1.4,1,0.9,0.9,0.8,1.2
2014/2/14,NO2,4.8,4.2,3.4,3.7,3.9,4.1,5,7.2,7.3,7.7,8.5,7.8,6.8,8.4,8.9,9.1,11,12,12,10,8.8,8.1,7.3,5.8
2014/2/14,NOx,5.9,5.1,4.4,4.4,5.1,4.8,6,8.3,8.5,9.3,10,11,9.6,10,11,11,13,14,14,11,9.8,9,8.1,7
2014/2/14,O3,34,35,35,35,33,34,32,28,28,26,26,28,31,29,29,31,28,26,25,26,26,27,28,30
2014/2/14,PM10,12,8,10,2,4,9,9,6,2,9,9,23,27,37,36,32,22,14,12,20,23,28,32,25
2014/2/14,PM2.5,11,6,1,1,10,16,19,7,4,6,16,13,9,6,14,18,17,14,18,22,32,31,29,25
2014/2/14,RAINFALL,NR,2.6,NR,NR,NR,NR,NR,NR,NR,NR,NR,NR,NR,NR,NR,NR,NR,NR,NR,NR,NR,NR,NR,NR
2014/2/14,RH,88,90,87,89,90,90,89,87,86,87,86,81,76,80,84,84,85,85,85,85,85,84,85,86
2014/2/14,SO2,1.3,1.3,1.2,1.2,1.3,1.2,1.3,1.4,1.4,1.5,1.5,1.6,1.5,1.5,1.4,1.4,1.5,1.4,1.4,1.6,1.4,1.4,1.4,1.4
2014/2/14,THC,1.8,1.8,1.8,1.8,1.8,1.8,1.8,1.8,1.8,1.9,1.9,1.9,1.8,1.8,1.9,1.9,1.9,1.9,1.9,1.9,1.9,1.9,1.9,1.8
2014/2/14,WD_HR,70,58,54,73,57,79,76,61,83,74,54,309,83,78,88,78,68,82,84,338,57,50,67,70
2014/2/14,WIND_DIREC,72,58,61,72,70,91,80,73,78,289,314,303,90,78,80,66,79,71,81,47,62,29,59,17
2014/2/14,WIND_SPEED,2.5,3.8,1.2,2,1.8,2.8,2.1,2.4,2.1,2.4,2.1,3.3,3.1,3.1,3.1,3.2,2,2.1,1.7,1.9,1.8,1.2,2,1.4
2014/2/14,WS_HR,0.7,2.2,1.4,0.7,0.9,0.9,1.5,1.6,1.3,0.4,0.5,1.6,0.7,1.4,1.2,2,1.4,0.8,0.5,0.4,0.5,0.5,0.8,0.5
2014/2/15,AMB_TEMP,11,11,11,11,11,11,11,11,11,12,13,13,14,14,14,15,15,15,14,15,15,14,14,14
2014/2/15,CH4,1.8,1.7,1.8,1.8,1.7,1.7,1.8,1.8,1.8,1.8,1.8,1.8,1.8,1.8,1.8,1.8,1.8,1.8,1.8,1.8,1.8,1.8,1.9,1.9
2014/2/15,CO,0.26,0.23,0.22,0.22,0.22,0.23,0.25,0.32,0.36,0.37,0.36,0.37,0.39,0.37,0.34,0.37,0.35,0.47,0.57,0.43,0.34,0.65,1.05,0.94
2014/2/15,NMHC,0.07,0.05,0.04,0.04,0.03,0.04,0.04,0.06,0.09,0.19,0.17,0.14,0.13,0.13,0.17,0.15,0.15,0.19,0.2,0.12,0.07,0.24,0.44,0.45
2014/2/15,NO,0.9,0.9,0.8,1.1,1.2,1.1,1.2,1.3,1.7,2.2,3,4.4,4.4,4.5,5.8,7.6,1.9,1.7,2.2,2.1,1.3,3.4,21,11
2014/2/15,NO2,4.7,3.1,2.2,2.6,2.2,2.2,3,6.7,11,10,9.9,13,13,16,17,19,11,16,27,11,5,19,28,32
2014/2/15,NOx,5.6,4,3,3.6,3.3,3.3,4.2,8,13,12,13,18,18,20,23,26,13,18,29,14,6.3,22,49,43
2014/2/15,O3,33,35,36,34,35,34,31,26,22,22,20,18,19,22,22,21,29,21,7,23,31,9.4,1,0.4
2014/2/15,PM10,22,10,7,1,2,1,1,3,6,12,22,31,27,25,18,30,43,56,48,37,24,28,27,47
2014/2/15,PM2.5,26,17,7,1,1,2,5,6,8,3,5,17,19,22,10,19,19,19,17,19,26,26,37,38
2014/2/15,RAINFALL,NR,NR,NR,NR,NR,NR,NR,NR,NR,NR,NR,NR,NR,NR,NR,NR,NR,NR,NR,NR,NR,NR,NR,NR
2014/2/15,RH,85,83,82,83,82,81,81,82,81,79,78,77,75,70,71,69,70,73,78,74,70,78,81,81
2014/2/15,SO2,1.3,0.7,0.7,0.7,0.8,0.7,0.7,0.7,0.8,1.1,1.3,2.4,2.8,4.2,4.3,5.5,1.6,1.7,2.8,1.4,0.9,4.2,5.8,4.8
2014/2/15,THC,1.8,1.8,1.8,1.8,1.8,1.8,1.8,1.8,1.9,1.9,1.9,1.9,1.9,1.9,1.9,1.9,1.9,2,2,1.9,1.8,2.1,2.3,2.3
2014/2/15,WD_HR,71,62,63,60,56,61,60,41,53,354,328,294,282,299,332,312,318,352,41,65,57,172,206,185
2014/2/15,WIND_DIREC,88,58,63,68,49,56,59,42,57,322,310,318,283,288,302,319,324,354,56,57,323,273,199,167
2014/2/15,WIND_SPEED,2,2.4,1.7,2.1,1.4,1.9,1.7,1.2,1.1,1.9,1.5,1.1,1.6,1.8,1.4,2.6,1.4,1.1,1.2,2.3,1.5,0.8,2.1,2.3
2014/2/15,WS_HR,0.8,1.4,1.2,0.7,1.1,1.1,0.9,0.6,0.7,0.5,0.7,0.9,1,1.4,0.7,1.9,0.8,0.5,0.6,1.2,1.2,0.6,1.3,2.9
2014/2/16,AMB_TEMP,14,13,13,13,14,14,14,14,16,17,17,18,20,21,20,19,18,18,17,17,17,17,16,15
2014/2/16,CH4,1.8,1.9,1.8,1.9,1.8,1.8,1.8,1.8,1.8,1.8,1.8,1.8,1.8,1.8,1.8,1.8,1.8,1.8,1.8,1.8,1.8,1.8,1.9,1.9
2014/2/16,CO,0.68,0.68,0.54,0.66,0.56,0.48,0.47,0.67,0.59,0.5,0.49,0.5,0.47,0.45,0.44,0.4,0.47,0.55,0.64,0.59,0.63,0.64,0.69,0.62
2014/2/16,NMHC,0.3,0.32,0.23,0.29,0.23,0.16,0.12,0.21,0.16,0.14,0.13,0.11,0.09,0.08,0.11,0.1,0.12,0.15,0.2,0.18,0.18,0.16,0.26,0.21
2014/2/16,NO,2.9,2.9,1.5,2.2,1.6,2,1.4,5.5,6.5,14,8.8,7.2,3.9,2.4,1.9,1.5,2.8,2.2,1.9,1.9,2,2,6.4,2.8
2014/2/16,NO2,26,22,13,20,14,9.3,9.1,13,16,24,19,21,12,12,12,14,26,27,25,19,17,13,24,22
2014/2/16,NOx,28,25,15,23,15,11,11,19,22,38,28,28,16,14,14,16,29,29,27,21,19,15,31,25
2014/2/16,O3,5.2,3.6,8.4,3,7.3,9.1,11,6.8,13,12,22,28,45,55,55,45,29,25,17,15,16,20,6.6,3
2014/2/16,PM10,45,51,42,50,43,34,27,25,33,42,45,52,45,45,50,67,82,78,77,72,67,69,73,82
2014/2/16,PM2.5,46,38,34,27,21,25,25,23,21,21,22,23,26,30,42,49,52,51,50,48,51,49,52,46
2014/2/16,RAINFALL,NR,NR,NR,NR,NR,NR,NR,NR,NR,NR,NR,NR,NR,NR,NR,NR,NR,NR,NR,NR,NR,NR,NR,NR
2014/2/16,RH,82,87,89,90,89,90,90,90,82,75,72,67,60,57,67,77,83,84,86,86,86,87,89,93
2014/2/16,SO2,2.9,2,1.5,1.5,1.3,1.2,1.3,2.1,5.3,9.8,9.7,9.8,5.3,4.8,4.4,4.4,8,5.9,2.4,1.8,1.9,2,1.9,1.5
2014/2/16,THC,2.1,2.2,2.1,2.2,2.1,2,1.9,2,1.9,1.9,1.9,1.9,1.9,1.9,1.9,1.9,1.9,1.9,2,2,2,2,2.1,2.1
2014/2/16,WD_HR,158,189,159,134,84,126,93,118,315,313,314,320,297,306,311,308,310,338,68,108,139,124,300,78
2014/2/16,WIND_DIREC,51,153,293,125,336,114,32,119,315,311,51,5.9,279,303,317,303,319,322,323,100,171,122,314,105
2014/2/16,WIND_SPEED,0.9,1.1,1.5,1.6,0.6,1.5,0.9,1.6,1.8,1.6,1.2,1.2,2.5,3.2,3.1,1.6,1.5,1.4,0.7,1.4,1.4,1.8,1,1.2
2014/2/16,WS_HR,0.4,0.4,0.3,0.8,0.5,1.3,0.8,1.3,0.4,1.1,1,0.8,1.2,1.5,2.6,2.3,1.4,0.7,0.6,1.2,0.8,1.3,0.4,0.5
2014/2/17,AMB_TEMP,15,15,17,16,16,16,15,16,18,22,24,24,25,25,25,25,24,22,20,19,19,20,20,21
2014/2/17,CH4,1.8,1.8,1.8,1.8,1.8,1.8,1.8,1.8,1.8,1.8,1.7,1.7,1.7,1.7,1.7,1.7,1.7,1.7,1.8,1.7,1.8,1.8,1.8,1.8
2014/2/17,CO,0.56,0.5,0.41,0.43,0.42,0.41,0.47,0.59,0.89,0.61,0.29,0.34,0.36,0.43,0.37,0.4,0.48,0.55,0.63,0.54,0.56,0.77,0.57,0.48
2014/2/17,NMHC,0.15,0.14,0.08,0.09,0.08,0.08,0.12,0.15,0.27,0.38,0.26,0.23,0.17,0.17,0.2,0.24,0.31,0.29,0.31,0.24,0.22,0.27,0.18,0.17
2014/2/17,NO,1.7,1.6,1,0.9,0.9,0.6,2,3.9,12,6.1,1.7,1.8,2,2.4,1.7,1.8,2.6,1.7,1.5,1.1,1.3,2.4,1.3,0.9
2014/2/17,NO2,12,10,5.9,5,4.1,4.4,9.9,11,20,18,5.5,7.7,9.8,14,12,13,17,23,22,18,16,25,16,10
2014/2/17,NOx,14,12,6.9,5.9,4.9,5,12,15,32,24,7.2,9.5,12,17,14,15,20,25,24,19,18,28,17,11
2014/2/17,O3,10,18,45,35,31,30,22,18,14,36,46,53,57,69,71,67,49,46,31,25,22,19,41,50
2014/2/17,PM10,78,70,68,58,69,55,52,34,35,48,49,49,48,56,67,62,58,59,55,61,50,49,58,81
2014/2/17,PM2.5,42,39,29,35,32,38,23,21,13,19,14,14,9,21,21,34,31,33,25,25,24,34,48,62
2014/2/17,RAINFALL,NR,NR,NR,NR,NR,NR,NR,NR,NR,NR,NR,NR,NR,NR,NR,NR,NR,NR,NR,NR,NR,NR,NR,NR
2014/2/17,RH,93,92,84,85,88,89,88,86,78,61,51,47,47,53,48,52,53,58,69,74,76,76,74,74
2014/2/17,SO2,1.4,1.6,2.2,2,1.6,1.4,1.4,1.5,1.9,3.5,3,2.6,3.3,4.6,4.3,3.9,4.4,3.7,2.9,2.6,2.5,3.6,4.5,4.8
2014/2/17,THC,2,2,1.8,1.9,1.9,1.9,1.9,1.9,2,2.2,2,1.9,1.9,1.9,1.9,2,2.1,2,2.1,2,2,2.1,2,2
2014/2/17,WD_HR,107,98,115,113,100,94,89,89,66,206,203,218,236,261,246,262,247,281,117,122,120,133,166,169
2014/2/17,WIND_DIREC,107,112,116,92,86,84,66,51,102,189,212,202,283,221,273,277,245,282,112,122,121,154,168,163
2014/2/17,WIND_SPEED,2.4,2.5,2.2,1.7,1.8,1.7,1.1,1.2,0.7,2.9,3.2,2.5,3.2,3.2,3.6,2.6,2.3,1,2.2,2.2,1.5,1,1.6,0.7
2014/2/17,WS_HR,1.9,1.1,2.5,1.4,2.1,2,1.4,1.7,0.8,2,3,2.5,2.1,2.1,2.6,2.7,2.9,1.6,1.9,1.8,1.9,1,1.3,0.9
2014/2/18,AMB_TEMP,19,19,19,19,19,18,18,18,20,22,24,25,23,21,20,19,18,17,17,15,15,14,13,14
2014/2/18,CH4,1.8,1.8,1.8,1.8,1.7,1.7,1.7,1.7,1.8,1.8,1.8,1.7,1.8,1.7,1.7,1.7,1.8,1.8,1.8,1.8,1.7,1.7,1.7,1.7
2014/2/18,CO,0.41,0.36,0.34,0.32,0.29,0.3,0.35,0.57,0.98,0.9,0.74,1.73,0.58,0.41,0.41,0.45,0.54,0.48,0.47,0.45,0.4,0.39,0.38,0.38
2014/2/18,NMHC,0.17,0.13,0.09,0.19,0.09,0.16,0.11,0.19,0.56,0.53,0.38,0.27,0.17,0.11,0.14,0.23,0.27,0.16,0.17,0.21,0.13,0.09,0.09,0.12
2014/2/18,NO,0.8,0.7,0.8,0.8,1,0.6,0.8,4.6,15,6.7,3.5,2.3,1.8,1.3,1.7,1.6,6.1,1.3,1.2,1.9,1,0.7,1,0.8
2014/2/18,NO2,8.2,6.6,5.9,9,6,7.4,7.5,11,23,28,22,15,15,12,15,17,24,15,16,14,11,8.5,8.5,8.7
2014/2/18,NOx,9,7.3,6.6,9.8,7,8,8.2,15,39,35,25,17,17,14,16,18,30,17,17,16,12,9.2,9.5,9.5
2014/2/18,O3,38,37,42,26,29,20,17,11,13,37,58,66,69,50,40,30,9.8,17,13,15,17,18,20,21
2014/2/18,PM10,94,90,81,69,49,41,34,33,42,55,60,57,74,98,100,79,65,60,40,22,5,5,7,4
2014/2/18,PM2.5,65,61,57,46,27,14,5,4,11,21,36,35,54,54,59,47,49,43,35,18,9,0,0,1
2014/2/18,RAINFALL,NR,NR,NR,NR,NR,NR,NR,NR,NR,NR,NR,NR,NR,NR,NR,NR,NR,NR,NR,NR,NR,NR,NR,NR
2014/2/18,RH,79,82,82,83,85,87,89,88,78,67,58,52,70,78,81,83,86,83,85,85,87,87,83,79
2014/2/18,SO2,3.3,2.4,2.5,1.9,2,1.6,1.6,1.9,3.5,7,4,4.6,5.6,3.8,3.7,2.9,4.4,1.8,1.6,1.5,1.4,1.3,1.2,1.3
2014/2/18,THC,1.9,1.9,1.8,1.9,1.8,1.9,1.8,1.9,2.3,2.3,2.2,2,1.9,1.8,1.9,2,2,1.9,1.9,2,1.9,1.8,1.8,1.9
2014/2/18,WD_HR,105,116,116,65,121,108,112,94,236,219,213,215,302,307,298,310,327,68,54,315,62,60,62,59
2014/2/18,WIND_DIREC,111,116,113,62,115,122,113,92,231,215,221,223,302,314,274,311,94,69,324,319,61,56,66,56
2014/2/18,WIND_SPEED,2,2.3,1.6,0.9,1.5,2.2,2,1.2,2.5,3.1,3.5,3.6,2.8,2.9,1.3,2.4,2.1,2.2,2.3,2,3.3,4.1,3.3,1.8
2014/2/18,WS_HR,1.6,2.2,1.9,0.6,1.6,1.4,1.9,1.4,0.6,2.2,3.5,3.3,2.8,2.6,1.3,2,0.6,1.1,1.5,1.2,1.1,2.4,2.9,1.8
2014/2/19,AMB_TEMP,13,13,13,12,12,12,12,11,12,11,11,10,10,10,11,11,10,10,10,10,10,10,10,10
2014/2/19,CH4,1.7,1.7,1.8,1.8,1.8,1.8,1.8,1.8,1.8,1.8,1.8,1.8,1.8,1.8,1.8,1.8,1.8,1.8,1.8,1.8,1.8,1.8,1.8,1.8
2014/2/19,CO,0.35,0.33,0.33,0.32,0.3,0.3,0.32,0.35,0.35,0.36,0.37,0.36,0.37,0.38,0.35,0.37,0.39,0.46,0.41,0.38,0.37,0.36,0.34,0.33
2014/2/19,NMHC,0.11,0.08,0.1,0.07,0.07,0.08,0.1,0.09,0.11,0.18,0.17,0.17,0.14,0.2,0.23,0.22,0.16,0.18,0.16,0.14,0.15,0.12,0.12,0.14
2014/2/19,NO,0.9,0.8,1,1.1,1,0.9,0.9,1.3,1.5,1.3,1.5,1.5,1.9,2.2,2.4,2.2,1.8,1.2,1,1.5,0.9,0.9,0.8,0.8
2014/2/19,NO2,7.8,7.1,6.3,5.9,5.7,5.6,7.2,8.3,8.9,9.8,11,11,12,13,15,14,13,14,13,11,9.5,9,8.3,6.8
2014/2/19,NOx,8.7,8,7.3,7,6.7,6.5,8,9.6,10,11,12,13,14,15,18,16,15,15,14,12,10,9.9,9.1,7.6
2014/2/19,O3,24,26,25,26,26,27,25,26,24,23,21,19,21,20,20,21,23,23,22,25,27,27,29,31
2014/2/19,PM10,13,13,21,12,8,8,15,15,14,10,17,10,10,14,7,11,7,6,4,5,5,9,10,19
2014/2/19,PM2.5,2,2,0,0,0,5,5,10,10,10,6,0,0,0,0,0,0,0,7,7,9,7,12,23
2014/2/19,RAINFALL,NR,NR,NR,NR,NR,NR,NR,NR,NR,NR,NR,0,2.8,3,2.2,1.2,NR,0.2,NR,1,0.2,NR,NR,NR
2014/2/19,RH,83,84,82,84,84,84,86,86,84,84,84,84,84,87,88,88,87,86,86,86,87,86,86,86
2014/2/19,SO2,1.2,0.6,0.7,0.6,0.6,0.7,0.6,0.7,0.8,0.9,0.8,0.9,0.8,0.5,0.5,1.3,1.3,1.4,1.3,1.3,1.3,1.3,1.3,1.3
2014/2/19,THC,1.8,1.8,1.9,1.8,1.8,1.8,1.9,1.8,1.9,1.9,1.9,1.9,1.9,2,2,2,1.9,1.9,1.9,1.9,1.9,1.9,1.9,1.9
2014/2/19,WD_HR,67,71,83,75,70,70,54,64,67,81,86,93,68,341,321,61,82,24,45,62,75,44,69,123
2014/2/19,WIND_DIREC,63,75,93,72,63,74,300,56,74,70,85,97,75,317,60,86,68,330,292,324,299,45,78,129
2014/2/19,WIND_SPEED,2.8,2.5,2.6,2.2,3.2,2.3,2.2,4.7,2.6,4.5,3.6,4.4,2.8,1.4,0.9,2.4,2.4,2.1,3.5,2.4,1.9,1.5,2.4,3.3
2014/2/19,WS_HR,1.3,2.7,1.3,1.6,1.4,0.9,1.2,2.3,1.4,2,1.4,1.1,2.1,0.4,0.6,0.4,1.3,0.4,0.5,1.5,0.4,0.5,0.4,0.2
2014/2/20,AMB_TEMP,10,10,10,10,9.8,9.3,8.7,8.8,11,12,13,14,15,15,15,15,14,12,10,9.4,9.1,8.4,8,7.6
2014/2/20,CH4,1.7,1.7,1.7,1.7,1.7,1.7,1.7,1.8,1.7,1.7,1.7,1.7,1.7,1.7,1.7,1.7,1.7,1.8,1.8,1.8,1.7,1.7,1.7,1.7
2014/2/20,CO,0.32,0.31,0.3,0.29,0.29,0.28,0.33,0.51,0.33,0.29,0.32,0.32,0.32,0.31,0.31,0.33,0.35,0.42,0.43,0.44,0.35,0.36,0.35,0.32
2014/2/20,NMHC,0.07,0.11,0.07,0.07,0.1,0.12,0.09,0.13,0.09,0.08,0.08,0.09,0.09,0.11,0.1,0.12,0.15,0.17,0.13,0.2,0.08,0.15,0.07,0.06
2014/2/20,NO,0.8,0.9,0.8,1.7,1.6,1.5,2,5.1,3.5,3,3,2.8,2.5,2.3,2.2,2.4,2.1,2.2,1.9,2,2,1.7,1.9,1.9
2014/2/20,NO2,6,5.3,5.2,4.3,4.2,5.2,8.8,16,7.7,5.8,6.7,6.8,6.5,7,8,8.5,9.4,13,13,12,7.2,6.5,6.1,4.6
2014/2/20,NOx,6.8,6.2,6,5.9,5.8,6.7,11,22,11,8.7,9.7,9.6,9,9.3,10,11,12,15,15,14,9.1,8.3,8,6.5
2014/2/20,O3,32,33,32,33,30,30,26,20,31,36,40,45,51,56,59,56,53,44,41,38,42,39,39,38
2014/2/20,PM10,14,26,25,33,22,18,12,21,25,28,35,35,30,32,38,38,59,75,80,77,61,62,60,65
2014/2/20,PM2.5,27,25,16,12,10,9,12,11,16,14,20,18,9,6,12,12,32,32,40,27,41,35,38,34
2014/2/20,RAINFALL,NR,NR,NR,NR,NR,NR,NR,NR,NR,NR,NR,NR,NR,NR,NR,0,NR,NR,NR,NR,NR,NR,NR,NR
2014/2/20,RH,84,84,83,81,80,77,73,73,68,62,57,51,46,45,45,46,50,56,59,61,60,64,65,65
2014/2/20,SO2,1.5,1.2,1.2,1.2,1.1,1.3,1.1,1.4,1.4,1.7,1.7,1.8,1.7,1.7,2.1,2.7,3.2,3.5,3,2.5,2.2,2.2,2.3,2.2
2014/2/20,THC,1.8,1.9,1.8,1.8,1.8,1.9,1.8,1.9,1.8,1.8,1.8,1.8,1.8,1.8,1.8,1.9,1.9,1.9,1.9,2,1.8,1.9,1.8,1.8
2014/2/20,WD_HR,59,83,72,68,45,42,57,64,14,280,290,33,65,280,77,105,125,117,81,60,56,75,64,78
2014/2/20,WIND_DIREC,309,82,63,25,42,54,76,53,295,168,330,95,141,252,87,105,170,86,96,66,53,72,65,69
2014/2/20,WIND_SPEED,2.2,2.4,2.5,1.5,1.4,1.3,1.6,2,2.9,2.7,3.4,2.9,3.4,3.8,3.9,4.1,3.5,3.1,1.7,2,3.1,1.9,2.9,1.5
2014/2/20,WS_HR,1.4,1.3,1.4,1,0.6,0.6,1.1,1.1,0.3,0.3,1.1,0.3,0.3,1,0.7,1.4,0.9,0.9,0.9,0.7,2.4,0.9,1.6,1.1
,,,,,,,,,,,,,,,,,,,,,,,,,
,,,,,,,,,,,,,,,,,,,,,,,,,
,,,,,,,,,,,,,,,,,,,,,,,,,
,,,,,,,,,,,,,,,,,,,,,,,,,
,,,,,,,,,,,,,,,,,,,,,,,,,
,,,,,,,,,,,,,,,,,,,,,,,,,
,,,,,,,,,,,,,,,,,,,,,,,,,
,,,,,,,,,,,,,,,,,,,,,,,,,
,,,,,,,,,,,,,,,,,,,,,,,,,
,,,,,,,,,,,,,,,,,,,,,,,,,
,,,,,,,,,,,,,,,,,,,,,,,,,
,,,,,,,,,,,,,,,,,,,,,,,,,
,,,,,,,,,,,,,,,,,,,,,,,,,
,,,,,,,,,,,,,,,,,,,,,,,,,
,,,,,,,,,,,,,,,,,,,,,,,,,
,,,,,,,,,,,,,,,,,,,,,,,,,
,,,,,,,,,,,,,,,,,,,,,,,,,
,,,,,,,,,,,,,,,,,,,,,,,,,
,,,,,,,,,,,,,,,,,,,,,,,,,
,,,,,,,,,,,,,,,,,,,,,,,,,
,,,,,,,,,,,,,,,,,,,,,,,,,
,,,,,,,,,,,,,,,,,,,,,,,,,
,,,,,,,,,,,,,,,,,,,,,,,,,
,,,,,,,,,,,,,,,,,,,,,,,,,
,,,,,,,,,,,,,,,,,,,,,,,,,
,,,,,,,,,,,,,,,,,,,,,,,,,
,,,,,,,,,,,,,,,,,,,,,,,,,
,,,,,,,,,,,,,,,,,,,,,,,,,
,,,,,,,,,,,,,,,,,,,,,,,,,
,,,,,,,,,,,,,,,,,,,,,,,,,
,,,,,,,,,,,,,,,,,,,,,,,,,
,,,,,,,,,,,,,,,,,,,,,,,,,
,,,,,,,,,,,,,,,,,,,,,,,,,